క్రియ,క్రి.రూపం.,అర్థం,మూలపదము,Spatial,Temporal,Impetus (force),Measure,అర్థం,,,,,,
అకారణము,క్రి.విణ,"కారణము లేక,వ్యర్థముగ",,,1,,,"కారణము లేక,వ్యర్థముగ",,,,,,
అకారతుగా,క్రి.విణ,"ఆకారణముగా,హేతువులేకుండగ",,,,1,,"ఆకారణముగా,హేతువులేకుండగ",,,,,,
అగ్గలము,క్రి.విణ,"మిగుల,అధికముగా",,,,,1,"మిగుల,అధికముగా",,,,,,
అడ్డగోలుగా,క్రి.విణ,"అడ్డుగా,ప్రసక్తిలేకుండ",అడ్డ,,,1,,"అడ్డుగా,ప్రసక్తిలేకుండ",,,,,,
అడ్డము,క్రి.విణ,"అడ్డముగా ,అడ్డుగా",,,,1,,"అడ్డముగా ,అడ్డుగా",,,,,,
అడ్డు,క్రి.విణ,అడ్డము,,1,,,,అడ్డము,,,,,,
అదరంట,క్రి.విణ,"మర్మస్థానమంటునట్లు-గాఢముగా,తీవ్రముగా",అదరు(వి),,,1,,"మర్మస్థానమంటునట్లు-గాఢముగా,తీవ్రముగా",,,,,,
అదరిపాటు,క్రి.విణ,"అకస్మాత్తుగా,డబ్బాటుగా",అదరిపడు,,1,,,"అకస్మాత్తుగా,డబ్బాటుగా",,,,,,
అనిశము,క్రి.విణ,"సదా,ఎల్లప్పుడు",,,1,,,"సదా,ఎల్లప్పుడు",,,,,,
అభ్యమిత్త్రము,సం.క్రి.విణ,"శత్రువునకెదురుగా,శత్రువునకు అభిముఖముగా",,1,,,,"శత్రువునకెదురుగా,శత్రువునకు అభిముఖముగా",,,,,,
అలవోక,క్రి.విణ.ద్రు,"అవలీలగా,అనాయాసముగా",అలవి,,,1,,"అవలీలగా,అనాయాసముగా",,,,,,
అల్ల,క్రి.విణ.ద్రు,"మందముగా,మెల్లగా,క్రమక్రమముగా",,,1,,,"మందముగా,మెల్లగా,క్రమక్రమముగా",,,,,,
అల్లన,క్రి.విణ.ద్రు,"మెల్లగా,మందముగా",అల్ల,,1,,,"మెల్లగా,మందముగా",,,,,,
అల్లల్ల,క్రి.విణ.ద్రు,"మెల్లమెల్లగా,క్రమక్రమముగా",అల్ల,,1,,,"మెల్లమెల్లగా,క్రమక్రమముగా",,,,,,
అవచాటముగా,క్రి.విణ.ద్రు,అకస్మాత్తుగా,,,1,,,అకస్మాత్తుగా,,,,,,
ఆదరబాదర,క్రి.విణ,"మిక్కిలి తొందరగా,అతిత్వరితముగా",,,1,,,"మిక్కిలి తొందరగా,అతిత్వరితముగా",,,,,,
ఉవ్వెత్తు,క్రి.విణ,"నిశ్శేషముగా,పూర్తిగా 2.అవలీలగా,అనాయాసముగా 3.ఎక్కువగా",,,,,1,"నిశ్శేషముగా,పూర్తిగా 2.అవలీలగా,అనాయాసముగా 3.ఎక్కువగా",,,,,,
ఊచముట్టు,క్రి.విణ,"మూలముట్టుగ,నిశ్శేషముగా",ఊచ,,,1,,"మూలముట్టుగ,నిశ్శేషముగా",,,,,,
ఎకాఎకి,క్రి.విణ,ఒక్కమారుగా,,,,1,,ఒక్కమారుగా,,,,,,
ఎక్కుడు,క్రి.విణ,"అధికముగా,మిగుల",ఎక్కు,,,,1,"అధికముగా,మిగుల",,,,,,
ఎగదిగ,క్రి.విణ,పైకిని క్రిందికిని,వెనుకకు ముందునకు,,1,,,,పైకిని క్రిందికిని,వెనుకకు ముందునకు,,,,
ఎగసన,క్రి.విణ,పైకిపోవునట్లు,ఎగు,1,,,,పైకిపోవునట్లు,,,,,,
ఎదురు,క్రి.విణ,"ఎదురుగా,అభిముఖముగా 2.సమానముగా",,1,,,,"ఎదురుగా,అభిముఖముగా 2.సమానముగా",,,,,,
ఎన,క్రి.విణ,"అత్యంతము,మిక్కిలి 2.చక్కగా,బాగుగా",,,,,1,"అత్యంతము,మిక్కిలి 2.చక్కగా,బాగుగా",,,,,,
ఏటవాలు,క్రి.విణ,వంపుగా,,1,,,,వంపుగా,,,,,,
ఏమరిపాట,క్రి.విణ,అకస్మాత్తుగా,ఏమరు,,1,,,అకస్మాత్తుగా,,,,,,
ఏమరిపాటు,క్రి.విణ,అకస్మాత్తుగా,ఏమరు,,1,,,అకస్మాత్తుగా,,,,,,
ఏరాళము-హేరాళము,క్రి.విణ,"అధికముగా,అసంఖ్యాకముగా",,,,,1,"అధికముగా,అసంఖ్యాకముగా",,,,,,
ఒక్కెర,క్రి.విణ,ఆకస్మికముగా,,,1,,,ఆకస్మికముగా,,,,,,
ఒల్లన,క్రి.విణ,"తిన్నగా,ఋజువుగా 2.వడిగా,వేగముగా 3.అధికముగా,మిక్కిలి",,,,,1,"తిన్నగా,ఋజువుగా 2.వడిగా,వేగముగా 3.అధికముగా,మిక్కిలి",,,,,,
అరిమురి,క్రి.విణ,"శీఘ్రముగా,వేగముగా;వెంటనే,తోడ్తో 2.అనాలోచితముగా 3.తబ్బిబ్బుగా, తారుమారుగా,ఉచ్చావనముగా 4.అత్యంతము,మిక్కిలి 5.ఇంచుకేనియు,బొత్తిగా 6.తరచుగా, దట్టముగా 7.నిశ్చయముగా,నిజముగా",,,,,1,"శీఘ్రముగా,వేగముగా;వెంటనే,తోడ్తో 2.అనాలోచితముగా 3.తబ్బిబ్బుగా, తారుమారుగా,ఉచ్చావనముగా 4.అత్యంతము,మిక్కిలి 5.ఇంచుకేనియు,బొత్తిగా 6.తరచుగా, దట్టముగా 7.నిశ్చయముగా,నిజముగా",,,,,,
తెకతేర,క్రి.విణ,"మిక్కిలి అనాయాసముగా,కడుసులభముగా, 2.నిష్కారణంగా, వ్యర్థముగా,వృధాగా",,,,,1,"మిక్కిలి అనాయాసముగా,కడుసులభముగా, 2.నిష్కారణంగా, వ్యర్థముగా,వృధాగా",,,,,,
తెప్పదెరల(గా),క్రి.విణ.ద్రు,"బహుళముగా,అధికముగా2.అతివేగముగా",,,,,1,"బహుళముగా,అధికముగా2.అతివేగముగా",,,,,,
తెప్పలుగ,క్రి.వీణ.ద్రు,"సమృద్ధముగా ,అధికముగా,పుష్కలముగా",,,,,1,"సమృద్ధముగా ,అధికముగా,పుష్కలముగా",,,,,,
తెప్పున,క్రి.వీణ.ద్రు,"తటాలున,శీఘ్రముగా",తెప్పు,,1,,,"తటాలున,శీఘ్రముగా",,,,,,
తెల-తెల్ల,క్రి.విణ,తెల్లగా,,,,,1,తెల్లగా,,,,,,
తేర,క్రి.విణ,"వృధాగా,నిష్ప్రయోజనముగా,చులుకనగా,అనాయాసముగా",,,,,1,"వృధాగా,నిష్ప్రయోజనముగా,చులుకనగా,అనాయాసముగా",,,,,,
తేరకుదేర,క్రి.విణ,"వ్యర్థముగా,నిష్ప్రయోజనముగా2.అనాయాసముగా",,,,,1,"వ్యర్థముగా,నిష్ప్రయోజనముగా2.అనాయాసముగా",,,,,,
తోడు,క్రి.విణ,సహాయముగా,,,,1,,సహాయముగా,,,,,,
తోడుత(డ్త),క్రి.విణ.ద్రు,"వెంబడి,వెంట",తోడు,1,,,,"వెంబడి,వెంట",,,,,,
తోడుతో(డ్తో),క్రి.విణ.ద్రు,"వెంబడి,వెనువెంట,శీఘ్రముగా2.తొల్త,మొదట",,,1,,,"వెంబడి,వెనువెంట,శీఘ్రముగా2.తొల్త,మొదట",,,,,,
తోడుతో(డ్త)డ,క్రి.విణ.ద్రు,"వెనువెంట,శీఘ్రముగా2.క్రమక్రమముగా,వరుసగా",,,1,,,"వెనువెంట,శీఘ్రముగా2.క్రమక్రమముగా,వరుసగా",,,,,,
తోడుతోడుత,క్రి.విణ.ద్రు,"వెనువెంటనే,అతిశీఘ్రముగా",,,1,,,"వెనువెంటనే,అతిశీఘ్రముగా",,,,,,
తోపాటు,క్రి.విణ,"సహార్ధకము,తోడుత",తోడు,,,1,,"సహార్ధకము,తోడుత",,,,,,
త్రెవ్వ,క్రి.విణ.ద్రు,పూర్ణముగా,,,,,1,పూర్ణముగా,,,,,,
దందడి,క్రి.విణ.ద్రు,అధికముగా,,,,,1,అధికముగా,,,,,,
దబ్బున,క్రి.విణ.ద్రు,శీఘ్రముగా,దబ్బు,,1,,,శీఘ్రముగా,,,,,,
దవ్వు,క్రి.విణ,దూరమగు,,1,,,,దూరమగు,,,,,,
దారున,క్రి.విణ.ద్రు,"ఝటిత్యర్థకము,శీఘ్రముగా,ఆకస్మికముగా,హతాత్తుగా",,,1,,,"ఝటిత్యర్థకము,శీఘ్రముగా,ఆకస్మికముగా,హతాత్తుగా",,,,,,
దిగజారు,క్రి.విణ,శీఘ్రముగా,దిగు,,1,,,శీఘ్రముగా,,,,,,
దిగసన,క్రి.విణ.ద్రు,దిగువగా,,1,,,,దిగువగా,,,,,,
దిగ్గన,క్రి.విణ.ద్రు,తటాలున,దిగ్గు,,1,,,తటాలున,,,,,,
దిశాపట్టము,క్రి.విణ,"దిక్కులకు పారునట్లుగా,చెల్లాచెదరగు నట్లుగా",,1,,,,"దిక్కులకు పారునట్లుగా,చెల్లాచెదరగు నట్లుగా",,,,,,
దీటు-తీడు,క్రి.విణ,"తిన్నగా,సూటిగా",,1,,,,"తిన్నగా,సూటిగా",,,,,,
దురీన,ద్రు.క్రి.విణ,తటాలున,,,1,,,తటాలున,,,,,,
ద్రుతము,క్రి.విణ,త్వరితము,,,1,,,త్వరితము,,,,,,
నలి,క్రి.విణ.ద్రు,"క్రమముగా,అత్యంతము,అర్హముగా,తగునట్లుగా,నిశ్చలముగా",,1,,,,"క్రమముగా,అత్యంతము,అర్హముగా,తగునట్లుగా,నిశ్చలముగా",,,,,,
నాలి,క్రి.విణ,తేలికగా,,,,1,,తేలికగా,,,,,,
నిండు,క్రి.విణ.ద్రు,"అధికముగా,పూర్ణముగా",,,,,1,"అధికముగా,పూర్ణముగా",,,,,,
నికము,క్రి.విణ,"యథార్థముగా,సత్యముగా",,,,,1,"యథార్థముగా,సత్యముగా",,,,,,
నికామము,క్రి.విణ,"అధికమైనది,యధేచ్చము,ఇష్టము చొప్పున,పర్యాప్తము,చాలినంత,మిక్కిలి అధికముగా",,,,,1,"అధికమైనది,యధేచ్చము,ఇష్టము చొప్పున,పర్యాప్తము,చాలినంత,మిక్కిలి అధికముగా",,,,,,
నిక్కము,క్రి.విణ,"నిజముగా,నిశ్చయముగా",,,,1,,"నిజముగా,నిశ్చయముగా",,,,,,
నిక్కువము,క్రి.విణ,నిజముగా,,,,1,,నిజముగా,,,,,,
నిచ్చ(లు),క్రి.విణ,నిశ్చయముగా,,,,1,,నిశ్చయముగా,,,,,,
నిజము,క్రి.విణ,"యథార్థముగా,సత్యముగా",,,,1,,"యథార్థముగా,సత్యముగా",,,,,,
నిత్యము,క్రి.విణ,"ప్రతిదినము,ఎల్లప్పుడు,శాశ్వతముగా",,,1,,,"ప్రతిదినము,ఎల్లప్పుడు,శాశ్వతముగా",,,,,,
నిర్దయము,క్రి.విణ,"క్రూరముగా,దయలేకుండగా",,,,1,,"క్రూరముగా,దయలేకుండగా",,,,,,
నిర్విఘ్నము,క్రి.విణ,"విఘ్నము లేకుండా,అడ్డు లేకుండా",,,1,,,"విఘ్నము లేకుండా,అడ్డు లేకుండా",,,,,,
నిర్విచారము,క్రి.విణ,"విచారము లేకుండ,ముందు వెనుకలు చూడకుండ",,,,1,,"విచారము లేకుండ,ముందు వెనుకలు చూడకుండ",,,,,,
నిశ్శేషము,క్రి.విణ,"సర్వము,అంతయు",,,,,1,"సర్వము,అంతయు",,,,,,
నెట్ట,క్రి.విణ,"మిక్కిలి,అధికముగా",,,,,1,"మిక్కిలి,అధికముగా",,,,,,
నెట్టన,క్రి.విణ,"మిక్కిలి,అధికముగా,నిండుగా,సమ్రుద్ధముగా,ఆవశ్యము,తప్పక,న్యాయముగా,పాడితప్పక,నిజముగా,యదార్థముగా,చక్కగా,ఒప్పుగా,తెగించి,సాహసించి,అనాలోచితంగా,తొందరపడి,చెచ్చెర,శీఘ్రముగా,కొంచెమైనను,అల్పమైనను",,,,,1,"మిక్కిలి,అధికముగా,నిండుగా,సమ్రుద్ధముగా,ఆవశ్యము,తప్పక,న్యాయముగా,పాడితప్పక,నిజముగా,యదార్థముగా,చక్కగా,ఒప్పుగా,తెగించి,సాహసించి,అనాలోచితంగా,తొందరపడి,చెచ్చెర,శీఘ్రముగా,కొంచెమైనను,అల్పమైనను",,,,,,
నెట్టపంట,క్రి.విణ,నిష్కారణముగా,,,,1,,నిష్కారణముగా,,,,,,
నెరవిడి,క్రి.విణ,"నిండుగా,పూర్ణముగా",,,,,1,"నిండుగా,పూర్ణముగా",,,,,,
నెఱి,క్రి.విణ.ద్రు,"పూర్ణముగా,నిండుగా,గట్టిగా,దృఢముగా,మిక్కిలి,అత్యంతము,చక్కగా,లెస్సగా,నిజముగా,వాస్తవముగా",,,,,1,"పూర్ణముగా,నిండుగా,గట్టిగా,దృఢముగా,మిక్కిలి,అత్యంతము,చక్కగా,లెస్సగా,నిజముగా,వాస్తవముగా",,,,,,
తేరకు,అవ్య.క్రి.విణ,"వృధాగా,వ్యర్థముగా",తేర,,,1,,"వృధాగా,వ్యర్థముగా",,,,,,
తొరితొరి,అవ్య.క్రి.విణ,లెస్సగా,,,,,1,లెస్సగా,,,,,,
నింకెర,అవ్య.క్రి.విణ,శీఘ్రముగా,,,1,,,శీఘ్రముగా,,,,,,
మాఱు,క్రి.విణ,"ప్రతికూలముగా,ఎదురుగా",,1,,,,"ప్రతికూలముగా,ఎదురుగా",,,,,,
మిక్కిలి,క్రి.విణ,"అధికముగా,ఎక్కువగా",మిక్కిలు,,,,1,"అధికముగా,ఎక్కువగా",,,,,,
మున్నడి,క్రి.విణ,ముందుగా,,,1,,,ముందుగా,,,,,,
మున్నాడి,క్రి.విణ,ముందుగా,,,1,,,ముందుగా,,,,,,
ముసిముసి,క్రి.విణ,"మందముగ,మెల్లగ (నవ్వు)",,,,1,,"మందముగ,మెల్లగ (నవ్వు)",,,,,,
మెండు,క్రి.విణ,"అధికముగ,మిక్కుటముగ",,,,,1,"అధికముగ,మిక్కుటముగ",,,,,,
మెత్త,క్రి.విణ.ద్రు,మందముగా,,,,1,,మందముగా,,,,,,
మెత్తన,క్రి.విణ.ద్రు,"మెల్లగా,ఒయ్యన",,,,1,,"మెల్లగా,ఒయ్యన",,,,,,
"మెయిమెయి=మయి,మయి,మై,మై",క్రి.విణ.ద్రు,అనాయాసముగా,నిరువద్రవముగా,,,,1,,అనాయాసముగా,నిరువద్రవముగా,,,,
మెల్ల,క్రి.విణ.ద్రు,"మందముగా,త్వరపడక;బిగ్గరకాకుండ,ఉచ్చ్తెర్ధ్వని లేకుండ",,,1,2,,"మందముగా,త్వరపడక;బిగ్గరకాకుండ,ఉచ్చ్తెర్ధ్వని లేకుండ",,,,,,
"మేమెయి=మయిమయి,మేమే,మైమై",క్రి.విణ,అనాయాసముగా,,,,1,,అనాయాసముగా,,,,,,
మేలు,క్రి.విణ,సంపూర్ణముగా,,,,,1,సంపూర్ణముగా,,,,,,
యథాకామము,స.క్రి.విణ,"ఇచ్ఛానుసారముగా,మనస్తృప్తియగునట్లు",,,,1,,"ఇచ్ఛానుసారముగా,మనస్తృప్తియగునట్లు",,,,,,
యథాకాలము,స.క్రి.విణ,సరియగు కాలమున,అదునున,,,1,,,సరియగు కాలమున,అదునున,,,,
యథార్హము,సం.క్రి.విణ,గుణాను సారముగా లేక విలువ ననుసరించు,,,,1,,గుణాను సారముగా లేక విలువ ననుసరించు,,,,,,
యాదము,క్రి.విణ,గాఢముగా,,,,,1,గాఢముగా,,,,,,
రిత్త,క్రి.విణ,"ఊరక,వ్యర్ధముగా;నిష్కారణముగా;మిక్కిలి వ్యర్థముగా;తేరగా,అనాయాసముగా",,,,,1,"ఊరక,వ్యర్ధముగా;నిష్కారణముగా;మిక్కిలి వ్యర్థముగా;తేరగా,అనాయాసముగా",,,,,,
రిత్తకురిత్త,క్రి.విణ,శూన్యమగు,,,,1,,శూన్యమగు,,,,,,
రెంజితుంజి,క్రి.విణ,"సంపూర్ణముగా,పూర్తిగా",,,,,1,"సంపూర్ణముగా,పూర్తిగా",,,,,,
లఘువు,క్రి.విణ,శీఘృము,,,1,,,శీఘృము,,,,,,
లెస్స,క్రి.విణ,చక్కగా,, ,,,1,చక్కగా,,,,,,
లే,క్రి.విణ,అల్పముగా,,,,1,,అల్పముగా,,,,,,
వట్రిలు(ల్లు),క్రి.విణ,"గుండ్రముగా,వర్తులముగా",వట్రించు,,,,1,"గుండ్రముగా,వర్తులముగా",,,,,,
విచ్చలవిడి,క్రి.విణ,నిరాటంకముగా,,,1,,,నిరాటంకముగా,,,,,,
విడి,క్రి.విణ,"ఒంటరిగా,విడిగా",,1,,,,"ఒంటరిగా,విడిగా",,,,,,
వితావిత,క్రి.విణ,మిక్కిలి వ్యర్ధముగా,,,,,1,మిక్కిలి వ్యర్ధముగా,,,,,,
విరవిర=బిరబిర,క్రి.విణ,మిక్కిలి త్వరితముగా,,,1,,,మిక్కిలి త్వరితముగా,,,,,,
వెచ్చ,క్రి.విణ,వేడిగా,,,,,1,వేడిగా,,,,,,
వెచ్చన,క్రి.విణ.ద్రు,"వేడిగా,వెచ్చగా",,,,,1,"వేడిగా,వెచ్చగా",,,,,,
వెడ,క్రి.విణ,"అల్పముగా,కొంచెముగా 2.వదలుగా",,,,,1,"అల్పముగా,కొంచెముగా 2.వదలుగా",,,,,,
వెడవెడ,క్రి.విణ,"మిక్కిలియల్పముగా,కొంచముకొంచముగా 2.బిగ్గరగా 3.మిక్కిలి వికారముగా 4.తరచుగా 5.ఆశ్రద్ధగా 6.మృదువుగా 7.అధికముగా 8.మెల్లమెల్లగా 9.దృఢముగా,గట్టిగా",,,2,,1,"మిక్కిలియల్పముగా,కొంచముకొంచముగా 2.బిగ్గరగా 3.మిక్కిలి వికారముగా 4.తరచుగా 5.ఆశ్రద్ధగా 6.మృదువుగా 7.అధికముగా 8.మెల్లమెల్లగా 9.దృఢముగా,గట్టిగా",,,,,,
వెవ్వెఱలాడు,క్రి.విణ.ద్రు,"శీఘ్రముగా,వేగముగా",,,1,,,"శీఘ్రముగా,వేగముగా",,,,,,
వే,క్రి.విణ.,"వేగముగా,త్వరగా 2.శీఘ్రముగా,వెంటనే",,,1,,,"వేగముగా,త్వరగా 2.శీఘ్రముగా,వెంటనే",,,,,,
వేగ,క్రి.వి.ణ,వేవేగ=త్వరితముగ,వేగు,,1,,,వేవేగ=త్వరితముగ,,,,,,
వేగిరము,క్రి.విణ,త్వరితముగ,,,,,1,త్వరితముగ,,,,,,
వేమఱు=వేమాఱు,క్రి.విణ,పలుమారు,,,1,,,పలుమారు,,,,,,
వేళము,క్రి.విణ,"శీఘ్రముగా,త్వరితముగ",,,1,,,"శీఘ్రముగా,త్వరితముగ",,,,,,
వేవే,క్రి.విణ,"మిక్కిలిశీఘ్రముగా,అతి శీఘ్రముగా",,,1,,,"మిక్కిలిశీఘ్రముగా,అతి శీఘ్రముగా",,,,,,
సరసర,క్రి.విణ,మిక్కిలివేగముగా,,,1,,,మిక్కిలివేగముగా,,,,,,
ససి,క్రి.విణ,బాగుగ,,,,1,,బాగుగ,,,,,,
సుఖంబు,క్రి.విణ,సుఖముగా,,,,1,,సుఖముగా,,,,,,
హోరాహోరి,క్రి.విణ,అవిరామముగా ఎడతెగక,,,1,,,అవిరామముగా ఎడతెగక,,,,,,
యథాక్రమము,"సం.అవ్య.,క్రి.విణ","క్రమానుసారముగా,వరుసగా",,1,,,,"క్రమానుసారముగా,వరుసగా",,,,,,
యథాతథము,"సం.అవ్య.,క్రి.విణ","సరిగా,హెచ్చు తగ్గులు లేకుండగా;తగునట్లుగా,ఉచితమైనట్లు;నిజముగా జరిగినట్లు",,,,,1,"సరిగా,హెచ్చు తగ్గులు లేకుండగా;తగునట్లుగా,ఉచితమైనట్లు;నిజముగా జరిగినట్లు",,,,,,
యథాపురము,"సం.అవ్య.,క్రి.విణ","వెనుకటి వలె,పూర్వకాలమందువలె",,,1,,,"వెనుకటి వలె,పూర్వకాలమందువలె",,,,,,
యథాపూర్వము,"సం.అవ్య.,క్రి.విణ","వెనుకటి వలె,ఎప్పటివలె",,,1,,,"వెనుకటి వలె,ఎప్పటివలె",,,,,,
యథాప్రాణము,"సం.అవ్య.,క్రి.విణ","బలానుసారముగా,శక్త్యనుసారమున,యావచ్ఛక్తిని",,,,1,,"బలానుసారముగా,శక్త్యనుసారమున,యావచ్ఛక్తిని",,,,,,
యథాభాగము,"సం.అవ్య.,క్రి.విణ","ఒక్కొక్క విభాగముల ప్రకారం;వాటాల వంతు ప్రకారముగా;తగిన చోట, అర్హస్థలమున",,1,,,,"ఒక్కొక్క విభాగముల ప్రకారం;వాటాల వంతు ప్రకారముగా;తగిన చోట, అర్హస్థలమున",,,,,,
యథామతి,"సం.అవ్య.,క్రి.విణ","బుద్ధ్యనుసారముగా,బుద్ధికొలది",,,,1,,"బుద్ధ్యనుసారముగా,బుద్ధికొలది",,,,,,
యథాయథము,"సం.అవ్య.,క్రి.విణ","సరిగా,క్రమ ప్రకారముగా;చెల్లాచెదరు",,1,,,,"సరిగా,క్రమ ప్రకారముగా;చెల్లాచెదరు",,,,,,
యథావిధి,"సం.అవ్య.,క్రి.విణ",విధి ప్రకారముగా,,,1,,,,1,,విధి ప్రకారముగా,శాస్రృనుసారముగా, తగునట్లు,శాస్త్రప్రకారముగా
యథాశక్తి,"సం.అవ్య.,క్రి.విణ","శక్త్యనుసారముగా,శక్తికొలది",,,,1,,"శక్త్యనుసారముగా,శక్తికొలది",,,,,,
యథాశాస్త్రము,"సం.అవ్య.,క్రి.విణ","శాస్త్రమునందు జెప్పబడినరీతిగా,ధర్మశాస్త్రప్రకారముగా",,,,1,,"శాస్త్రమునందు జెప్పబడినరీతిగా,ధర్మశాస్త్రప్రకారముగా",,,,,,
యథాశ్రుతము,"సం.అవ్య.,క్రి.విణ","వినినట్లుగా,వినిపింపబడినట్లుగా,తెలుపబడినట్లుగా;వేదానుసారముగా;వేదప్రకారముగా",,,,1,,"వినినట్లుగా,వినిపింపబడినట్లుగా,తెలుపబడినట్లుగా;వేదానుసారముగా;వేదప్రకారముగా",,,,,,
యథాసంఖ్యము,"సం.అవ్య.,క్రి.విణ","సంక్యనుబట్టి,వరుసగా,సంఖ్యప్రకారముగా",,1,,,,"సంక్యనుబట్టి,వరుసగా,సంఖ్యప్రకారముగా",,,,,,
యథాసుఖము,"సం.అవ్య.,క్రి.విణ","సుఖముగా,ఆనందమిచ్చునట్లు",,,,1,,"సుఖముగా,ఆనందమిచ్చునట్లు",,,,,,
యథాస్థితము,"అవ్య.,క్రి.విణ","నిజముగా,సరిగా;ఉన్నదియున్నట్లుగా",,,,1,,"నిజముగా,సరిగా;ఉన్నదియున్నట్లుగా",,,,,,
యథాస్వము,"సం.అవ్య.,క్రి.విణ","ఉచితముగా;సరిగా,తనమాట ప్రకారముగా",,,,1,,"ఉచితముగా;సరిగా,తనమాట ప్రకారముగా",,,,,,
యథేచ్చము,"సం.అవ్య.,క్రి.విణ","కోరికప్రకారము,ఇష్టము వచ్చినట్లు;కావలిసినంతగా,మనస్తృప్తిగా,తృప్తియగువఱకు",,,,1,,"కోరికప్రకారము,ఇష్టము వచ్చినట్లు;కావలిసినంతగా,మనస్తృప్తిగా,తృప్తియగువఱకు",,,,,,
యథేప్సితము,"సం.అవ్య.,క్రి.విణ",యథేచ్ఛము,,,,1,,యథేచ్ఛము,,,,,,
యథేష్టము,"సం.అవ్య.,క్రి.విణ",యథేచ్ఛ,,,,1,,యథేచ్ఛ,,,,,,
యథోచితము,"సం.అవ్య.,క్రి.విణ","సరియగునట్లు,తగినట్లు",,,,1,,"సరియగునట్లు,తగినట్లు",,,,,,
యథోత్తరము,"సం.అవ్య.,క్రి.విణ","వరుసగా,ఒకటి తరువాత నొకటిగా",,1,,,,"వరుసగా,ఒకటి తరువాత నొకటిగా",,,,,,
యదర్ధము,"సం.అవ్య.,క్రి.విణ","ఎందు నిమిత్తము;ఎందుకు,దేనికై",,,,1,,"ఎందు నిమిత్తము;ఎందుకు,దేనికై",,,,,,
యావచ్ఛక్తి,"సం.అవ్య.,క్రి.విణ","శక్తికొలది,సాధ్యమైనంతలో",,,,1,,"శక్తికొలది,సాధ్యమైనంతలో",,,,,,
యావజ్జీవము,"సం.అవ్య.,క్రి.విణ","బ్రతికియున్నంత వఱకు,ప్రాణమున్నంత కాలము",,,,1,,"బ్రతికియున్నంత వఱకు,ప్రాణమున్నంత కాలము",,,,,,
కర(ఱ)కర(ఱ),క్రి.విణ.ద్రు,"తీవ్రముగా,అత్యంతము,మిక్కిలి",,,,1,,"తీవ్రముగా,అత్యంతము,మిక్కిలి",,,,,,
కుదుకనగోలు,క్రి.విణ,అన్యాయముగా,,,,1,,అన్యాయముగా,,,,,,
కుప్పగూర(లు)-కుప్పనగూర,క్రి.విణ,"కుప్పకుప్పలుగా,ప్రోగుప్రోగులుగా",కుప్ప,1,,,,"కుప్పకుప్పలుగా,ప్రోగుప్రోగులుగా",,,,,,
కుఱు,క్రి.విణ,కొంచెముగా,,,,,1,కొంచెముగా,,,,,,
"కొండొక-కొండిక,కొండుక-ఒండొక",క్రి.విణ,"ఇంచుక,కొంచెము;కొంచెము సేపు;కొంచెము దూరము",,,,,1,"ఇంచుక,కొంచెము;కొంచెము సేపు;కొంచెము దూరము",,,,,,
కోలు,క్రి.విణ,మిక్కిలి,,,,,1,మిక్కిలి,,,,,,
క్రంచర-కచ్చర,క్రి.విణ.ద్రు,శీఘ్రముగా,ఎడతెగకుండ,,,1,,,శీఘ్రముగా,ఎడతెగకుండ,,,,
క్రచ్చఱ-క్రంచఱ,క్రి.విణ.ద్రు,"అమోఘముగా,నిష్పలముగాకుండ;స్పష్టముగా;ఎల్లప్పుడు,సతతము,శీఘ్రముగా;అనాలోచితముగా;",,,,,1,"అమోఘముగా,నిష్పలముగాకుండ;స్పష్టముగా;ఎల్లప్పుడు,సతతము,శీఘ్రముగా;అనాలోచితముగా;",,,,,,
క్రన్న - క్రన్నన్,క్రి.విణ.ద్రు,"శీఘ్రముగా,పిమ్మట,మరల",,,1,,,"శీఘ్రముగా,పిమ్మట,మరల",,,,,,
క్రొత్త,క్రి.విణ,క్రొత్తగా,,,1,,,క్రొత్తగా,,,,,,
క్షిప్రము,క్రి.విణ,శీఘ్రము,,,,1,,శీఘ్రము,,,,,,
ఖుద్దున,క్రి.విణ,సొంతముగా,,,,1,,సొంతముగా,,,,,,
గడ్డు,క్రి.విణ,"అధికముగా,మిక్కిలి",,,,,1,"అధికముగా,మిక్కిలి",,,,,,
గప్పున - గుప్పున,క్రి.విణ.ద్రు,"శీఘ్రముగా,అకస్మాత్తుగా",,,1,,,"శీఘ్రముగా,అకస్మాత్తుగా",,,,,,
గరగర,క్రి.విణ,"చక్కగా,బాగుగా,పూర్తిగా",గర,,,,1,"చక్కగా,బాగుగా,పూర్తిగా",,,,,,
గుప్పుతెప్పున,క్రి.విణ.ద్రు,అతిశీఘ్రముగా,గుప్పు,,,1,,అతిశీఘ్రముగా,,,,,,
గుప్పున,క్రి.విణ.ద్రు,"శీఘ్రముగా,వేగముగా,అకస్మాత్తుగా",గుప్పు,,1,,,"శీఘ్రముగా,వేగముగా,అకస్మాత్తుగా",,,,,,
గుబ్బన,క్రి.విణ.ద్రు,"శీఘ్రముగా,వేగముగా",,,,1,,"శీఘ్రముగా,వేగముగా",,,,,,
గ్రక్కన - గ్రక్కున,క్రి.విణ.ద్రు,శీఘ్రముగా,,,,1,,శీఘ్రముగా,,,,,,
గ్రక్కున - గ్రక్కన,క్రి.విణ.ద్రు,"శీఘ్రముగా,వెంటనే,నిరంతరము,ఎడతెఱిపి లేకుండగ",,,1,,,"శీఘ్రముగా,వెంటనే,నిరంతరము,ఎడతెఱిపి లేకుండగ",,,,,,
గ్రద్దన,క్రి.విణ.ద్రు,శీఘ్రముగా,,,,1,,శీఘ్రముగా,,,,,,
గొడ్డేఱు,క్రి.విణ,"వ్యర్థముగా,దిక్కు లేకుండగా",,,,,1,"వ్యర్థముగా,దిక్కు లేకుండగా",,,,,,
గ్రక్కుపాటునన్,క్రి.విణ,"హఠాత్తుగా,ఆకస్మికముగా",,,1,,,"హఠాత్తుగా,ఆకస్మికముగా",,,,,,
చపచపగా,క్రి.విణ,వ్యర్ధముగా,,,,,1,వ్యర్ధముగా,,,,,,
చప్పున,క్రి.విణ,శీఘ్రముగా,,,,1,,శీఘ్రముగా,,,,,,
చయ్యన,క్రి.విణ,శీఘ్రముగా,,,,1,,శీఘ్రముగా,,,,,,
చరాలున(ల్న),క్రి.విణ,శీఘ్రముగా,,,,1,,శీఘ్రముగా,,,,,,
చల్లగ,క్రి.విణ,"చల్లగా, వర్ధిల్లునట్లు, నెమ్మదిగా",,,,1,,"చల్లగా, వర్ధిల్లునట్లు, నెమ్మదిగా",,,,,,
చివాలులున,క్రి.విణ,"తటాలున, అతిశీఘ్రముగ",,,1,,,"తటాలున, అతిశీఘ్రముగ",,,,,,
చివ్వున,క్రి.విణ,శీఘ్రముగా,,,,1,,శీఘ్రముగా,,,,,,
చువ్వ(వ్వు)న,క్రి.విణ,"చివ్వున, శీఘ్రముగా",,,,1,,"చివ్వున, శీఘ్రముగా",,,,,,
చెచ్చెర-చెరచెర,క్రి.విణ,"శీఘ్రముగా, సులభముగా",,,,1,,"శీఘ్రముగా, సులభముగా",,,,,,
చెరచెర-చెచ్చెర,క్రి.విణ,శీఘ్రముగా,,,,1,,శీఘ్రముగా,,,,,,
చెల్లాకుజెదరు, క్రి.విణ,చెల్లాచెదరుగా,,1,,,,చెల్లాచెదరుగా,,,,,,
జడ్డన,క్రి.విణ.,"తటాలున, శీఘ్రముగా",,,1,2,,"తటాలున, శీఘ్రముగా",,,,,,
జరీ(లు)న,క్రి.విణ.,శీఘ్రముగా,,,,1,,శీఘ్రముగా,,,,,,
జల్లిక,క్రి.విణ.,"పెల్లుగా, అధికముగ",,,,,1,"పెల్లుగా, అధికముగ",,,,,,
జిఱ్ఱజిఱ్ఱన,క్రి.విణ.,జిఱ్ఱయన ధ్వని కలుగునట్లుగా,జిఱ్ఱ,,,1,,జిఱ్ఱయన ధ్వని కలుగునట్లుగా,,,,,,
జిలిబిలి,క్రి.విణ.,"మెల్లగా, మందముగా, సొగసుగా",,,,1,,"మెల్లగా, మందముగా, సొగసుగా",,,,,,
డాగినీ,క్రి.విణ,మల్లక్రియా విశేషము,,,,,1,మల్లక్రియా విశేషము,,,,,,
"డిగ్గన - డిగ్గున, దిగ్గన",క్రి.విణ.,తటాలున,,,1,,,తటాలున,,,,,,
డిగ్గున - డిగ్గన,క్రి.విణ.,"తటాలువ, శీఘ్రముగా",,,1,,,"తటాలువ, శీఘ్రముగా",,,,,,
డెప్పరము,క్రి.విణ.,అధికముగా,,,,,1,అధికముగా,,,,,,
తటాన - తటాలున,క్రి.విణ.,"శీఘ్రముగా, ఆకస్మికముగా",,,1,,,"శీఘ్రముగా, ఆకస్మికముగా",,,,,,
తటాలున (ల్న) - తటాన,క్రి.విణ.,"శీఘ్రముగా, వెంటవే, ఆకస్మికముగా",,,1,,,"శీఘ్రముగా, వెంటవే, ఆకస్మికముగా",,,,,,
తటుకున - తటుక్కున,క్రి.విణ.,"అతి శీఘ్రముగా, అనాలోచితముగా, హఠాత్తుగా, ఆకస్మికముగా",,,1,,,"అతి శీఘ్రముగా, అనాలోచితముగా, హఠాత్తుగా, ఆకస్మికముగా",,,,,,
తటుక్కున - తటుకున,క్రి.విణ.,"తటాలున, శీఘ్రముగా, వెంటనే",,,1,,,"తటాలున, శీఘ్రముగా, వెంటనే",,,,,,
తడుకున-తటుకున,క్రి.విణ.ద్రు,"శీఘ్రముగా, హఠాత్తుగా",,,1,,,"శీఘ్రముగా, హఠాత్తుగా",,,,,,
తరతరము,క్రి. విణ,"క్రమక్రమముగా,వరుసపెట్టి,మునుమీడి, వంశపరంపరగా, అత్యంత  మిక్కిలి.",,,1,,,"క్రమక్రమముగా,వరుసపెట్టి,మునుమీడి, వంశపరంపరగా, అత్యంత  మిక్కిలి.",,,,,,
తఱుచు,క్రి. వి ణ,"దట్టముగా,నిబిడముగా,సాంద్రముగా,అధికముగా,మిక్కిలి,ప్రాయికముగా,సమాన్యముగా.",,,,,1,"దట్టముగా,నిబిడముగా,సాంద్రముగా,అధికముగా,మిక్కిలి,ప్రాయికముగా,సమాన్యముగా.",,,,,,
తఱిదఱి,క్రి. విణ.ద్రు,తోడ్తోవెనువెంట,,,1,,,తోడ్తోవెనువెంట,,,,,,
తివుట-తిగుట,క్రి.విణ.,"శీఘ్రముగా, వడిగా",తిపురు,,,1,,"శీఘ్రముగా, వడిగా",,,,,,
తుట్టమర,క్రి.విణ.,"బొత్తిగా, పూర్ణముగా ",,,,,1,"బొత్తిగా, పూర్ణముగా ",,,,,,
తురితము,క్రి.విణ.,శీఘ్రముగా  ,,,,1,,శీఘ్రముగా  ,,,,,,
తురీన,క్రి.విణ.ద్రు,"తారూలున, హఠాత్తుగా, శీఘ్రముగా",,,1,,,"తారూలున, హఠాత్తుగా, శీఘ్రముగా",,,,,,
