word,sentiment,p,n,a,exist,,,,,,,,,,,,,,,,,,,,,,,,,,,,,,,,,,,,,,,,,,,,,,,
అడ్డు,n,0,1,0,1,అడ్డము,,,,,,,,,,,,,,,,,,,,,,,,,,,,,,,,,,,,,,,,,,,,,,
ఎదురు,n,0,1,0,1,"ఎదురుగా,అభిముఖముగా 2.సమానముగా",,,,,,,,,,,,,,,,,,,,,,,,,,,,,,,,,,,,,,,,,,,,,,
ఏటవాలు,a,0,0,1,1,వంపుగా,,,,,,,,,,,,,,,,,,,,,,,,,,,,,,,,,,,,,,,,,,,,,,
తోడు,p,1,0,0,1,సహాయముగా,,,,,,,,,,,,,,,,,,,,,,,,,,,,,,,,,,,,,,,,,,,,,,
తోపాటు,p,1,0,0,1,"సహార్ధకము,తోడుత",,,,,,,,,,,,,,,,,,,,,,,,,,,,,,,,,,,,,,,,,,,,,,
నిండు,a,0,0,1,1,"అధికముగా,పూర్ణముగా",,,,,,,,,,,,,,,,,,,,,,,,,,,,,,,,,,,,,,,,,,,,,,
మిక్కిలి,a,0,0,1,1,"అధికముగా,ఎక్కువగా",,,,,,,,,,,,,,,,,,,,,,,,,,,,,,,,,,,,,,,,,,,,,,
మెల్ల,a,0,0,1,1,"మందముగా,త్వరపడక","బిగ్గరకాకుండ,ఉచ్చ్తెర్ధ్వని లేకుండ",,,,,,,,,,,,,,,,,,,,,,,,,,,,,,,,,,,,,,,,,,,,,
మేలు,p,1,0,0,1,సంపూర్ణముగా,,,,,,,,,,,,,,,,,,,,,,,,,,,,,,,,,,,,,,,,,,,,,,
విడి,n,0,1,0,1,"ఒంటరిగా,విడిగా",,,,,,,,,,,,,,,,,,,,,,,,,,,,,,,,,,,,,,,,,,,,,,
వే,a,0,0,1,1,"వేగముగా,త్వరగా 2.శీఘ్రముగా,వెంటనే",,,,,,,,,,,,,,,,,,,,,,,,,,,,,,,,,,,,,,,,,,,,,,
గుప్పున,n,0,1,0,1,"శీఘ్రముగా,వేగముగా,అకస్మాత్తుగా",,,,,,,,,,,,,,,,,,,,,,,,,,,,,,,,,,,,,,,,,,,,,,
అందగాడు,p,1,0,0,1,"అందము గలవాడు,సౌందర్యవంతుడు",,,,,,,,,,,,,,,,,,,,,,,,,,,,,,,,,,,,,,,,,,,,,,
అంధుడు,n,0,1,0,1,"గ్రుడ్డివాడు,వివేకములేనివాడు",,,,,,,,,,,,,,,,,,,,,,,,,,,,,,,,,,,,,,,,,,,,,,
అచ్చు,p,1,0,0,1,"శుద్ధము,దోషములేనిది",,,,,,,,,,,,,,,,,,,,,,,,,,,,,,,,,,,,,,,,,,,,,,
అటువంటి,a,0,0,1,1,"తాద్రుశము,అట్టి",,,,,,,,,,,,,,,,,,,,,,,,,,,,,,,,,,,,,,,,,,,,,,
అత్త,n,0,1,0,1,"తినువాడు,భక్షకుడు",,,,,,,,,,,,,,,,,,,,,,,,,,,,,,,,,,,,,,,,,,,,,,
అధికారి,p,1,0,0,1,అధికారముగలవాడు,,,,,,,,,,,,,,,,,,,,,,,,,,,,,,,,,,,,,,,,,,,,,,
అధిపతి,p,1,0,0,1,"అధిపుడు, ప్రభువు",,,,,,,,,,,,,,,,,,,,,,,,,,,,,,,,,,,,,,,,,,,,,,
అనుకు,a,0,0,1,1,కొంచెము పలుచనిది,,,,,,,,,,,,,,,,,,,,,,,,,,,,,,,,,,,,,,,,,,,,,,
అభిమాని,a,0,0,1,1,అభిమానము గలవాడు,,,,,,,,,,,,,,,,,,,,,,,,,,,,,,,,,,,,,,,,,,,,,,
అలవాటు,a,0,0,1,1,అభ్యాసపడినది,,,,,,,,,,,,,,,,,,,,,,,,,,,,,,,,,,,,,,,,,,,,,,
కథకుడు,a,0,0,1,1,"వాచకుడు,చెప్పువాడు,కథలు చెప్పువాడు",,,,,,,,,,,,,,,,,,,,,,,,,,,,,,,,,,,,,,,,,,,,,,
కల్పిత,a,0,0,1,1,కల్పకుడు,,,,,,,,,,,,,,,,,,,,,,,,,,,,,,,,,,,,,,,,,,,,,,
కవి,a,0,0,1,1,"కవిత్వము చెప్పువాడు,పండితుడు",,,,,,,,,,,,,,,,,,,,,,,,,,,,,,,,,,,,,,,,,,,,,,
కాని,a,0,0,1,1,సంభవింపని తగని మొదలగు నర్ధములను దెలుపును,,,,,,,,,,,,,,,,,,,,,,,,,,,,,,,,,,,,,,,,,,,,,,
కారు,a,0,0,1,1,"ఒగరైనది,దున్ననిది(పొలము)",,,,,,,,,,,,,,,,,,,,,,,,,,,,,,,,,,,,,,,,,,,,,,
కాశి,p,1,0,0,1,"ప్రకాశశీలుడు,ప్రకాశించువాడు,కాసరోగము కలవాడు",,,,,,,,,,,,,,,,,,,,,,,,,,,,,,,,,,,,,,,,,,,,,,
కిరీటి,p,1,0,0,1,కిరీటము దాల్చినవాడు,,,,,,,,,,,,,,,,,,,,,,,,,,,,,,,,,,,,,,,,,,,,,,
కీడు,n,0,1,0,1,"దుష్టము,చెడ్డది",,,,,,,,,,,,,,,,,,,,,,,,,,,,,,,,,,,,,,,,,,,,,,
కుట్ర,n,0,1,0,1,అల్పము,,,,,,,,,,,,,,,,,,,,,,,,,,,,,,,,,,,,,,,,,,,,,,
కుమారి,a,0,0,1,1,"కూతురు,కన్య,పెండ్లి కాని పడచు,ఆడులేడి,పార్వతి",,,,,,,,,,,,,,,,,,,,,,,,,,,,,,,,,,,,,,,,,,,,,,
కుమారుడు,a,0,0,1,1,సుందరుడు,,,,,,,,,,,,,,,,,,,,,,,,,,,,,,,,,,,,,,,,,,,,,,
కృతి,a,0,0,1,1,"నెరనేర్చుకొనిన పని గలవాడు,కుశలుడు,నేర్పరి,పండితుడు",,,,,,,,,,,,,,,,,,,,,,,,,,,,,,,,,,,,,,,,,,,,,,
కేసరి,a,0,0,1,1,శ్రేష్టుడు,,,,,,,,,,,,,,,,,,,,,,,,,,,,,,,,,,,,,,,,,,,,,,
గట్టి,a,0,0,1,1,"కర్కశము,కఠినము,దృడము",,,,,,,,,,,,,,,,,,,,,,,,,,,,,,,,,,,,,,,,,,,,,,
గది,a,0,0,1,1,"గదను ధరించినవాడు,రోగి,తెవులు గలవాడు",,,,,,,,,,,,,,,,,,,,,,,,,,,,,,,,,,,,,,,,,,,,,,
గబ్బి,a,0,0,1,1,గర్వి,"దుష్టము,నిక్కినది,గొప్పవాడు,ఘనుడు,ధీరుడు",,,,,,,,,,,,,,,,,,,,,,,,,,,,,,,,,,,,,,,,,,,,,
గాడి,a,0,0,1,1,గాటము,,,,,,,,,,,,,,,,,,,,,,,,,,,,,,,,,,,,,,,,,,,,,,
గాని,a,0,0,1,1,"పోవువాడు,పొగడువాడు,పాడెడువాడు,గానముచేయువాడు",,,,,,,,,,,,,,,,,,,,,,,,,,,,,,,,,,,,,,,,,,,,,,
గిరి,a,0,0,1,1,పూజ్యమైనది,,,,,,,,,,,,,,,,,,,,,,,,,,,,,,,,,,,,,,,,,,,,,,
గురువు,a,0,0,1,1,"బరువైనది,గొప్పది,పెద్దది,పూజింపదగినది,బలీయమైనది,ఉపాధ్యాయుడు",,,,,,,,,,,,,,,,,,,,,,,,,,,,,,,,,,,,,,,,,,,,,,
గూఢచారి,a,0,0,1,1,గూఢముగా సంచరించువాడు,,,,,,,,,,,,,,,,,,,,,,,,,,,,,,,,,,,,,,,,,,,,,,
గొప్ప,p,1,0,0,1,"ఘనము,పెద్దది",,,,,,,,,,,,,,,,,,,,,,,,,,,,,,,,,,,,,,,,,,,,,,
గ్రహీత,a,0,0,1,1,"గ్రహించువాడు,పట్టుకొనువాడు,తెలిసికొనువాడు",,,,,,,,,,,,,,,,,,,,,,,,,,,,,,,,,,,,,,,,,,,,,,
చంద్రుడు,a,0,0,1,1,"సుందరుడు,అందమైనవాడు",,,,,,,,,,,,,,,,,,,,,,,,,,,,,,,,,,,,,,,,,,,,,,
చక్రి,a,0,0,1,1,"చక్రములు గలది,సూచకుడు,చక్రములు గల రాధాదులనెక్కువాడు",,,,,,,,,,,,,,,,,,,,,,,,,,,,,,,,,,,,,,,,,,,,,,
చాటు,a,0,0,1,1,"చాటైనది,మఱుగుపడినది",,,,,,,,,,,,,,,,,,,,,,,,,,,,,,,,,,,,,,,,,,,,,,
చిన్నది,a,0,0,1,1,చిన్నయైనది,,,,,,,,,,,,,,,,,,,,,,,,,,,,,,,,,,,,,,,,,,,,,,
చిన్నవాడు,a,0,0,1,1,చిన్నియైనవాడు,,,,,,,,,,,,,,,,,,,,,,,,,,,,,,,,,,,,,,,,,,,,,,
చూడు,a,0,0,1,1,కాల్చుటకు సాధనమైనది,,,,,,,,,,,,,,,,,,,,,,,,,,,,,,,,,,,,,,,,,,,,,,
చేదు,n,0,1,0,1,"తిక్తము,ఇంపు కానిది,అనిష్టము",,,,,,,,,,,,,,,,,,,,,,,,,,,,,,,,,,,,,,,,,,,,,,
చేరువ,a,0,0,1,1,None,,,,,,,,,,,,,,,,,,,,,,,,,,,,,,,,,,,,,,,,,,,,,,
జంట,a,0,0,1,1,"జతయైనది,జోడైనది",,,,,,,,,,,,,,,,,,,,,,,,,,,,,,,,,,,,,,,,,,,,,,
జబ్బు,n,0,1,0,1,"అలసము,మందము",,,,,,,,,,,,,,,,,,,,,,,,,,,,,,,,,,,,,,,,,,,,,,
జాడ,a,0,0,1,1,"యుక్తము,యోగ్యము,మంచిది",,,,,,,,,,,,,,,,,,,,,,,,,,,,,,,,,,,,,,,,,,,,,,
జాను,a,0,0,1,1,"మంజులము,మనోహరము,సుందరము,అందమైనది",,,,,,,,,,,,,,,,,,,,,,,,,,,,,,,,,,,,,,,,,,,,,,
తక్కువ,a,0,0,1,1,"న్యూనము,హీనము",,,,,,,,,,,,,,,,,,,,,,,,,,,,,,,,,,,,,,,,,,,,,,
తడి,a,0,0,1,1,కొట్టునది,,,,,,,,,,,,,,,,,,,,,,,,,,,,,,,,,,,,,,,,,,,,,,
తప్ప,n,0,1,0,1,"బీజము లేనిది,నిస్సారము",,,,,,,,,,,,,,,,,,,,,,,,,,,,,,,,,,,,,,,,,,,,,,
తరబడి,a,0,0,1,1,"సదృశము,సాటి",,,,,,,,,,,,,,,,,,,,,,,,,,,,,,,,,,,,,,,,,,,,,,
తల,a,0,0,1,1,"మొదటివాడు,ముఖ్యుడు",,,,,,,,,,,,,,,,,,,,,,,,,,,,,,,,,,,,,,,,,,,,,,
తల్లి,a,0,0,1,1,"మొదటిది,పైది,పెద్దది",,,,,,,,,,,,,,,,,,,,,,,,,,,,,,,,,,,,,,,,,,,,,,
తాళి,a,0,0,1,1,"తాళము కలవాడు,తాళము వాయించువాడు",,,,,,,,,,,,,,,,,,,,,,,,,,,,,,,,,,,,,,,,,,,,,,
తిన్న,a,0,0,1,1,"మనోజ్ఞము,ఇంపైనది,యుక్తము,స్వస్థము,నిశ్చలము",,,,,,,,,,,,,,,,,,,,,,,,,,,,,,,,,,,,,,,,,,,,,,
తిరు,a,0,0,1,1,"శ్రీపదము,శుభకరము,పవిత్రము",,,,,,,,,,,,,,,,,,,,,,,,,,,,,,,,,,,,,,,,,,,,,,
తెలివి,a,0,0,1,1,None,,,,,,,,,,,,,,,,,,,,,,,,,,,,,,,,,,,,,,,,,,,,,,
తేలిక,a,0,0,1,1,"లఘువు,భారములేనిది,రోగభారములేనిది,ఆరోగ్యవంతము,నీచము,అల్పము",,,,,,,,,,,,,,,,,,,,,,,,,,,,,,,,,,,,,,,,,,,,,,
తోడు,p,1,0,0,1,సహాయముగా,,,,,,,,,,,,,,,,,,,,,,,,,,,,,,,,,,,,,,,,,,,,,,
త్రి,a,0,0,1,1,మూడు,,,,,,,,,,,,,,,,,,,,,,,,,,,,,,,,,,,,,,,,,,,,,,
దర్శకుడు,a,0,0,1,1,"చూచువాడు,పరిశీలించువాడు,చూపువాడు,నేర్పరి,నిపుణుడు",,,,,,,,,,,,,,,,,,,,,,,,,,,,,,,,,,,,,,,,,,,,,,
దాత,p,1,0,0,1,"దానశీలుడు,ఇచ్చువాడు,ఖండించువాడు,త్రుంచువాడు,శుద్ధిచేయువాడు",,,,,,,,,,,,,,,,,,,,,,,,,,,,,,,,,,,,,,,,,,,,,,
దారి,a,0,0,1,1,"ధరించువాడు,చీల్చువాడు,బ్రద్దలు కొట్టువాడు",,,,,,,,,,,,,,,,,,,,,,,,,,,,,,,,,,,,,,,,,,,,,,
దుర్యోధనుడు,a,0,0,1,1,యుద్ధముచేయ శఖ్యముకానివాడు,,,,,,,,,,,,,,,,,,,,,,,,,,,,,,,,,,,,,,,,,,,,,,
దొంగ,a,0,0,1,1,"వంచకము,మోసపుచ్చునది",,,,,,,,,,,,,,,,,,,,,,,,,,,,,,,,,,,,,,,,,,,,,,
దొర,a,0,0,1,1,"సమానుడు,సాటియైనవాడు",,,,,,,,,,,,,,,,,,,,,,,,,,,,,,,,,,,,,,,,,,,,,,
ధీరుడు,p,1,0,0,1,"ధైర్యముకలవాడు,జంకనివాడు,నిలుకడకలవాడు,చలింపనివాడు,దృఢచిత్తముకలవాడు",,,,,,,,,,,,,,,,,,,,,,,,,,,,,,,,,,,,,,,,,,,,,,
నంది,a,0,0,1,1,"ఆనందించువాడు,ఆనందింపజేయువాడు",,,,,,,,,,,,,,,,,,,,,,,,,,,,,,,,,,,,,,,,,,,,,,
నడి,a,0,0,1,1,నడతృణము అధికముగాకలది,,,,,,,,,,,,,,,,,,,,,,,,,,,,,,,,,,,,,,,,,,,,,,
నమిత,a,0,0,1,1,"వంచువాడు,నమస్కరింపజేయువాడు",,,,,,,,,,,,,,,,,,,,,,,,,,,,,,,,,,,,,,,,,,,,,,
నాగ,a,0,0,1,1,పూజ్యము,,,,,,,,,,,,,,,,,,,,,,,,,,,,,,,,,,,,,,,,,,,,,,
నాటి,a,0,0,1,1,"నటించువాడు,నర్తనము చేయువాడు",,,,,,,,,,,,,,,,,,,,,,,,,,,,,,,,,,,,,,,,,,,,,,
నాయకుడు,a,0,0,1,1,"ప్రాపకుడు,పొందించువాడు,నడపువాడు,ప్రదాన్యుడు,ముఖ్యుడు",,,,,,,,,,,,,,,,,,,,,,,,,,,,,,,,,,,,,,,,,,,,,,
నాస్తికుడు,a,0,0,1,1,పరలోకములేదు అనునమ్మకముకలవాడు,,,,,,,,,,,,,,,,,,,,,,,,,,,,,,,,,,,,,,,,,,,,,,
నిపుణుడు,a,0,0,1,1,"ప్రవీణుడు,నేర్పరి",,,,,,,,,,,,,,,,,,,,,,,,,,,,,,,,,,,,,,,,,,,,,,
నిర్మాత,a,0,0,1,1,నిర్మించువాడు,,,,,,,,,,,,,,,,,,,,,,,,,,,,,,,,,,,,,,,,,,,,,,
నివేదిత,a,0,0,1,1,నివేదించువాడు,,,,,,,,,,,,,,,,,,,,,,,,,,,,,,,,,,,,,,,,,,,,,,
మంచి,p,1,0,0,1,యోగ్యము,,,,,,,,,,,,,,,,,,,,,,,,,,,,,,,,,,,,,,,,,,,,,,
మంచివాడు,p,1,0,0,1,సజ్జనుడు,,,,,,,,,,,,,,,,,,,,,,,,,,,,,,,,,,,,,,,,,,,,,,
మంత్రి,a,0,0,1,1,"బుద్ధిమంతుడు,తెలివిగలవాడు 2.వేదములు బాగుగా దెలిసినవాడు",,,,,,,,,,,,,,,,,,,,,,,,,,,,,,,,,,,,,,,,,,,,,,
మనసు,a,0,0,1,1,ఇష్టము,,,,,,,,,,,,,,,,,,,,,,,,,,,,,,,,,,,,,,,,,,,,,,
మహాబలుడు,p,1,0,0,1,చాలబలము గలవాడు,,,,,,,,,,,,,,,,,,,,,,,,,,,,,,,,,,,,,,,,,,,,,,
మాలి,a,0,0,1,1,తోటకాచువాడు 2.పూలదండలు కూర్చువాడు,వర్తకుడు 3.పూలదండలు చుట్టుకొనినవాడు,,,,,,,,,,,,,,,,,,,,,,,,,,,,,,,,,,,,,,,,,,,,,
మించు,p,1,0,0,1,"తళతళ కాంతిగలది 2.అధికము,గొప్పది",,,,,,,,,,,,,,,,,,,,,,,,,,,,,,,,,,,,,,,,,,,,,,
మిక్కిలి,a,0,0,1,1,"అధికముగా,ఎక్కువగా",,,,,,,,,,,,,,,,,,,,,,,,,,,,,,,,,,,,,,,,,,,,,,
మిగత,a,0,0,1,1,"మిగిలినది,శేషించినది 2.అధికము",,,,,,,,,,,,,,,,,,,,,,,,,,,,,,,,,,,,,,,,,,,,,,
ముడి,a,0,0,1,1,"ముదిసినది, మునలిది 2.వికసింపనది ౩.పొట్టుపోనిది 4.అసంస్కృతము 5.అంచు,కమ్ములు లేనిది",,,,,,,,,,,,,,,,,,,,,,,,,,,,,,,,,,,,,,,,,,,,,,
మెట్టు,p,1,0,0,1,"ఉన్నతమైనది, ఎత్తైనది",,,,,,,,,,,,,,,,,,,,,,,,,,,,,,,,,,,,,,,,,,,,,,
మెల్ల,a,0,0,1,1,"మందముగా,త్వరపడక","బిగ్గరకాకుండ,ఉచ్చ్తెర్ధ్వని లేకుండ",,,,,,,,,,,,,,,,,,,,,,,,,,,,,,,,,,,,,,,,,,,,,
మెల్ల,a,0,0,1,1,"మందముగా,త్వరపడక","బిగ్గరకాకుండ,ఉచ్చ్తెర్ధ్వని లేకుండ",,,,,,,,,,,,,,,,,,,,,,,,,,,,,,,,,,,,,,,,,,,,,
మేటి,a,0,0,1,1,గొప్పవాడు,,,,,,,,,,,,,,,,,,,,,,,,,,,,,,,,,,,,,,,,,,,,,,
మేధావి,p,1,0,0,1,"చాలబుద్దిమంతుడు, మంచిజ్ఞాపకశక్తి గలవాడు 2.తెలివిగలవాడు,బుద్ధిమంతుడు",,,,,,,,,,,,,,,,,,,,,,,,,,,,,,,,,,,,,,,,,,,,,,
మేలు,p,1,0,0,1,సంపూర్ణముగా,,,,,,,,,,,,,,,,,,,,,,,,,,,,,,,,,,,,,,,,,,,,,,
మొదలు,a,0,0,1,1,"ప్రథమము, తొలుతటిది",,,,,,,,,,,,,,,,,,,,,,,,,,,,,,,,,,,,,,,,,,,,,,
మౌని,a,0,0,1,1,మౌరజికుడు,,,,,,,,,,,,,,,,,,,,,,,,,,,,,,,,,,,,,,,,,,,,,,
ముక్క,a,0,0,1,1,సారహీనమైనది,,,,,,,,,,,,,,,,,,,,,,,,,,,,,,,,,,,,,,,,,,,,,,
యముడు,n,0,1,0,1,"కవలలో నొకడు, ఒక మాఱు ఒకగర్భమున బుట్టిన వారిలో నొకడు",,,,,,,,,,,,,,,,,,,,,,,,,,,,,,,,,,,,,,,,,,,,,,
యువ,a,0,0,1,1,"ప్రాయపువాడు, పడుచుదనముగలవాడు 2.బలవంతుడు, ఆరోగ్యవంతుడు ౩.శ్రేష్ఠుడు, మంచివాడు",,,,,,,,,,,,,,,,,,,,,,,,,,,,,,,,,,,,,,,,,,,,,,
యోగి,a,0,0,1,1,"అన్వితుడైనవాడు, కలిగియున్నవాడు 2.యోగమభ్యసించువాడు, యోగాభ్యాసము కలవాడు",,,,,,,,,,,,,,,,,,,,,,,,,,,,,,,,,,,,,,,,,,,,,,
రక్షిత,a,0,0,1,1,రక్షకుడు,,,,,,,,,,,,,,,,,,,,,,,,,,,,,,,,,,,,,,,,,,,,,,
రాజు,p,1,0,0,1,"తనజాతియందు శ్రేష్ఠుడు, ప్రధానుడు",,,,,,,,,,,,,,,,,,,,,,,,,,,,,,,,,,,,,,,,,,,,,,
రెట్టింపు,a,0,0,1,1,ద్విగుణితము,,,,,,,,,,,,,,,,,,,,,,,,,,,,,,,,,,,,,,,,,,,,,,
రోత,n,0,1,0,1,"ఏవగలిగించునది,జుగుప్సావహము",,,,,,,,,,,,,,,,,,,,,,,,,,,,,,,,,,,,,,,,,,,,,,
లేని,n,0,1,0,1,ఉండనిది,,,,,,,,,,,,,,,,,,,,,,,,,,,,,,,,,,,,,,,,,,,,,,
లేపి,a,0,0,1,1,"పూయునది,రాచునది",కప్పునది,,,,,,,,,,,,,,,,,,,,,,,,,,,,,,,,,,,,,,,,,,,,,
లోటు,n,0,1,0,1,"తక్కువ, న్యూనము",,,,,,,,,,,,,,,,,,,,,,,,,,,,,,,,,,,,,,,,,,,,,,
లోపు,a,0,0,1,1,"స్వీయము, తనది",,,,,,,,,,,,,,,,,,,,,,,,,,,,,,,,,,,,,,,,,,,,,,
వంటి,a,0,0,1,1,సదృశము,భోటి,,,,,,,,,,,,,,,,,,,,,,,,,,,,,,,,,,,,,,,,,,,,,
వట్టి,a,0,0,1,1,"రిక్తము, శూన్యము, ఏమియు లేనిది",,,,,,,,,,,,,,,,,,,,,,,,,,,,,,,,,,,,,,,,,,,,,,
వద్దు,n,0,1,0,1,"మొద్దు, లావు, స్థూలము",,,,,,,,,,,,,,,,,,,,,,,,,,,,,,,,,,,,,,,,,,,,,,
వమ్ము,a,0,0,1,1,వ్యర్థము,,,,,,,,,,,,,,,,,,,,,,,,,,,,,,,,,,,,,,,,,,,,,,
వల,a,0,0,1,1,"కుడి, అపసవ్యము",,,,,,,,,,,,,,,,,,,,,,,,,,,,,,,,,,,,,,,,,,,,,,
వాల్మీకి,a,0,0,1,1,None,,,,,,,,,,,,,,,,,,,,,,,,,,,,,,,,,,,,,,,,,,,,,,
వికలాంగుడు,n,0,1,0,1,వికలమైన యవయవములు గలవాడు,,,,,,,,,,,,,,,,,,,,,,,,,,,,,,,,,,,,,,,,,,,,,,
విహారి,a,0,0,1,1,"విహరించునది,వినోదించునది 2.వ్యాపించునది ౩.మిక్కిలి చక్కనిది",,,,,,,,,,,,,,,,,,,,,,,,,,,,,,,,,,,,,,,,,,,,,,
వీరుడు,p,1,0,0,1,వీరరన ప్రధానుడగు నాయకుడు 2.ధైర్యము గలవాడు ౩.శౌర్యము గలవాడు 4.శ్రేష్ఠుడు 5.కులాచార సంపన్నుడు,,,,,,,,,,,,,,,,,,,,,,,,,,,,,,,,,,,,,,,,,,,,,,
వెగటు,n,0,1,0,1,అనిష్టము,,,,,,,,,,,,,,,,,,,,,,,,,,,,,,,,,,,,,,,,,,,,,,
వెలితి,n,0,1,0,1,"తక్కువైనది,న్యూనము 2.పూర్ణము కానిది,నిండనిది",,,,,,,,,,,,,,,,,,,,,,,,,,,,,,,,,,,,,,,,,,,,,,
వెలుపల,a,0,0,1,1,None,,,,,,,,,,,,,,,,,,,,,,,,,,,,,,,,,,,,,,,,,,,,,,
వ్యాధి,n,0,1,0,1,"గ్రుచ్చుకొనునది,గాయపరుచునది",,,,,,,,,,,,,,,,,,,,,,,,,,,,,,,,,,,,,,,,,,,,,,
వ్యాపారి,a,0,0,1,1,"వ్యాపారముచేయువాడు,వర్తకుడు,అభ్యసించువాడు",,,,,,,,,,,,,,,,,,,,,,,,,,,,,,,,,,,,,,,,,,,,,,
శూరుడు,p,1,0,0,1,"ధైర్యముగలవాడు, పరాక్రమము గలవాడు",,,,,,,,,,,,,,,,,,,,,,,,,,,,,,,,,,,,,,,,,,,,,,
సరి,p,1,0,0,1,"సమము, సాటియైనది",,,,,,,,,,,,,,,,,,,,,,,,,,,,,,,,,,,,,,,,,,,,,,
సాక్షి,a,0,0,1,1,"చూచునది, గమనించునది, ఋజువు చేయునది, నిరూపించునది, నిర్ధారించునది",,,,,,,,,,,,,,,,,,,,,,,,,,,,,,,,,,,,,,,,,,,,,,
సాటి,a,0,0,1,1,సమానము,,,,,,,,,,,,,,,,,,,,,,,,,,,,,,,,,,,,,,,,,,,,,,
సాధువు,a,0,0,1,1,"మంచిది, శ్రేష్ఠమైనది, తగినది,ఒప్పయినది, గుణవంతమైనది, పవిత్రమైనది, శుద్ధమైనది, దయగలది, శాంతమైనది, ఆహ్లాదకరమైనది, సుందరమైనది, ఉదారమైనది, ఉదాత్తమైనది, ఉత్తమవంశమున బుట్టినది, సమర్థమైనది",,,,,,,శుద్ధమైనది,దయగలది,శాంతమైనది,ఆహ్లాదకరమైనది,సుందరమైనది,ఉదారమైనది,ఉదాత్తమైనది,ఉత్తమవంశమున బుట్టినది,సమర్థమైనది,,,,,,,,,,,,,,,,,,,,,,,,,,,,,,,
సాము,a,0,0,1,1,సగము,,,,,,,,,,,,,,,,,,,,,,,,,,,,,,,,,,,,,,,,,,,,,,
సారి,a,0,0,1,1,"నడచునది, సారము గలది",,,,,,,,,,,,,,,,,,,,,,,,,,,,,,,,,,,,,,,,,,,,,,
సూరి,a,0,0,1,1,"తెలివిగలది, విద్వత్తు గలది",,,,,,,,,,,,,,,,,,,,,,,,,,,,,,,,,,,,,,,,,,,,,,
స్థాయి,a,0,0,1,1,"కదలనిది, స్థిరమైనది, నివసించునది, మారనిది",,,,,,,,,,,,,,,,,,,,,,,,,,,,,,,,,,,,,,,,,,,,,,
హారము,a,0,0,1,1,హరసంబంధియైనది,,,,,,,,,,,,,,,,,,,,,,,,,,,,,,,,,,,,,,,,,,,,,,
అచ్చు,p,1,0,0,1,"శుద్ధము,దోషములేనిది",,,,,,,,,,,,,,,,,,,,,,,,,,,,,,,,,,,,,,,,,,,,,,
అడ్డు,n,0,1,0,1,అడ్డము,,,,,,,,,,,,,,,,,,,,,,,,,,,,,,,,,,,,,,,,,,,,,,
అన్ను,a,0,0,1,1,"అన్నుకొను,మత్తిల్లు,పరవశమగు",,,,,,,,,,,,,,,,,,,,,,,,,,,,,,,,,,,,,,,,,,,,,,
అమ్ము,a,0,0,1,1,అమ్మబడు,,,,,,,,,,,,,,,,,,,,,,,,,,,,,,,,,,,,,,,,,,,,,,
అరువు,n,0,1,0,1,"ఇనుము,లొంగు,అడగు 2.దక్కు",,,,,,,,,,,,,,,,,,,,,,,,,,,,,,,,,,,,,,,,,,,,,,
అల్లు,a,0,0,1,1,"అల్లుకొను,పెనగొను",,,,,,,,,,,,,,,,,,,,,,,,,,,,,,,,,,,,,,,,,,,,,,
ఆడు,p,1,0,0,1,"చలించు,కదలు 2.(అవయవాదులు స్వకార్యమందు)ప్రవర్తించు 3.సంచరించు,తిరుగు","విహరించు 4.మునుగు,స్నానముచేయు 5.క్రీడించు 6.నర్తించు 7.కాడు,గ్రుచ్చుకొను",,,,,,,,,,,,,,,,,,,,,,,,,,,,,,,,,,,,,,,,,,,,,
ఆరు,a,0,0,1,1,"కలుగు,జనించు 2.ఒప్పు 3.అతిశఇల్లు 4.నిండు,పూర్ణమగు",,,,,,,,,,,,,,,,,,,,,,,,,,,,,,,,,,,,,,,,,,,,,,
ఆరు,a,0,0,1,1,"కలుగు,జనించు 2.ఒప్పు 3.అతిశఇల్లు 4.నిండు,పూర్ణమగు",,,,,,,,,,,,,,,,,,,,,,,,,,,,,,,,,,,,,,,,,,,,,,
ఇందు,a,0,0,1,1,భక్షితద్రవ్యములు లోపల ఇముడు,"అణగియుండు 2.రుచించు,ఇష్టమగు",,,,,,,,,,,,,,,,,,,,,,,,,,,,,,,,,,,,,,,,,,,,,
ఈడు,a,0,0,1,1,"చాగు,ముందునకు బోవు 2.వెనుకబడు",,,,,,,,,,,,,,,,,,,,,,,,,,,,,,,,,,,,,,,,,,,,,,
ఊరు,a,0,0,1,1,"లోపలనుండి(ద్రవము)పైకివచ్చు 2.నాను 3.తడిగలదియగు,ద్రవించు 4.ఆసక్తి గలదియగు,ఆసగొను 5.పుట్టు,కలుగు 6.పెరుగు,పెద్దదియగు",,,,,,,,,,,,,,,,,,,,,,,,,,,,,,,,,,,,,,,,,,,,,,
ఎత్తు,p,1,0,0,1,"కలుగు 2.(పోరుటకు)పూను,కడగు 3.దండెత్తు,పోరుటకై బయలుదేరు 4.అతిశయించు",,,,,,,,,,,,,,,,,,,,,,,,,,,,,,,,,,,,,,,,,,,,,,
ఎదురు,n,0,1,0,1,"ఎదురుగా,అభిముఖముగా 2.సమానముగా",,,,,,,,,,,,,,,,,,,,,,,,,,,,,,,,,,,,,,,,,,,,,,
కట్టు,a,0,0,1,1,"అగు,ఏర్పడు",నిబద్ధమగు,,,,,,,,,,,,,,,,,,,,,,,,,,,,,,,,,,,,,,,,,,,,,
కప్పు,a,0,0,1,1,"పర్వు,వ్యాపించు,క్రమ్ము",,,,,,,,,,,,,,,,,,,,,,,,,,,,,,,,,,,,,,,,,,,,,,
కాడు,n,0,1,0,1,"నాటుకొను,గ్రుచుకొను,స్థిరపడు",,,,,,,,,,,,,,,,,,,,,,,,,,,,,,,,,,,,,,,,,,,,,,
కాడు,n,0,1,0,1,"నాటుకొను,గ్రుచుకొను,స్థిరపడు",,,,,,,,,,,,,,,,,,,,,,,,,,,,,,,,,,,,,,,,,,,,,,
కాలు,n,0,1,0,1,"మండు,ప్రజ్వలించు","దగ్ధమగు,తప్తమగు",,,,,,,,,,,,,,,,,,,,,,,,,,,,,,,,,,,,,,,,,,,,,
కావచ్చు,a,0,0,1,1,అగుటకు సిద్ధమగు,కానోపు,,,,,,,,,,,,,,,,,,,,,,,,,,,,,,,,,,,,,,,,,,,,,
కొట్టు,n,0,1,0,1,"తగులు,తాకు,ఎక్కువగా కలుగు",,,,,,,,,,,,,,,,,,,,,,,,,,,,,,,,,,,,,,,,,,,,,,
చచ్చు,n,0,1,0,1,మృతినొందు,,,,,,,,,,,,,,,,,,,,,,,,,,,,,,,,,,,,,,,,,,,,,,
చాలు,a,0,0,1,1,"సమర్ధమగు, అంగీకరించు, ఇష్టపడు, తీరు, సరిపడు, సమానమగు, దీటగు, పర్యప్తమగు, సరిపోవు, తగు, అర్హమగు, ముగుయు",,,,,,,దీటగు,పర్యప్తమగు,సరిపోవు,తగు,అర్హమగు,ముగుయు,,,,,,,,,,,,,,,,,,,,,,,,,,,,,,,,,,
చూపు,a,0,0,1,1,"పొడచూపు, కనబడు",,,,,,,,,,,,,,,,,,,,,,,,,,,,,,,,,,,,,,,,,,,,,,
చెడు,n,0,1,0,1,"నశించు, పోవు, కొల్లపోవు, చచ్చు, మృతుడగు, తగ్గు, దురవస్థనొందు, దూరమగు, మలినమగు, వ్యర్ధమగు, చిముడు, చడివదియగు",,,,,,,దురవస్థనొందు,దూరమగు,మలినమగు,వ్యర్ధమగు,చిముడు,చడివదియగు,,,,,,,,,,,,,,,,,,,,,,,,,,,,,,,,,,
డొక్కు,n,0,1,0,1,ముదియు,,,,,,,,,,,,,,,,,,,,,,,,,,,,,,,,,,,,,,,,,,,,,,
తప్పు,n,0,1,0,1,"తప్పుజేయు, అపచారముచేయు, అపకారముచేయు, హానిచేయు, ద్రోహము చేయు,తొలగు,పొరపడు,ప్రమాదపడు, దొరకకుండు,చిక్కకుండు,వశముగాకుండు, తగులకుండు,చెదరు,కడుచు,మించిపొవు, వ్వర్థమగు,నిష్పలమగు,అసత్యమగు,కల్లమగు,విడివడు,వేఱుపడు,చుౄతినాంధు,మరణించు.",,,,,,,పొరపడు,ప్రమాదపడు,దొరకకుండు,చిక్కకుండు,వశముగాకుండు,తగులకుండు,చెదరు,కడుచు,మించిపొవు,వ్వర్థమగు,నిష్పలమగు,అసత్యమగు,కల్లమగు,విడివడు,వేఱుపడు,చుౄతినాంధు,మరణించు.,,,,,,,,,,,,,,,,,,,,,,,
తమకు,a,0,0,1,1,"చలించు,భయపడు,అడగు,దాగు.",,,,,,,,,,,,,,,,,,,,,,,,,,,,,,,,,,,,,,,,,,,,,,
తలకు,a,0,0,1,1,"భయపడు,వెఱుచు,జంకు,వెనుదేయు, సంకోచపడు,బాధనొంధు,ఁశమపడు, దుఃఖపడు,చింతించు,కంపించు,విరియు, విడిపోవు.",,,,,,,ఁశమపడు,దుఃఖపడు,చింతించు,కంపించు,విరియు,విడిపోవు.,,,,,,,,,,,,,,,,,,,,,,,,,,,,,,,,,,
తారు,a,0,0,1,1,"సంచరించు, మెలగు, ఇట్టట్టు తురుగు, అఱ్ఱాడు, పోవు, వెళ్ళు, పాయు, తొలగు, కలుగు, పుట్టు, ప్రసరించు, ప్యాపించు, క్షీణించు, తగ్గు, కాంతిహీనమగు.",,,,,,,పాయు,తొలగు,కలుగు,పుట్టు,ప్రసరించు,ప్యాపించు,క్షీణించు,తగ్గు,కాంతిహీనమగు.,,,,,,,,,,,,,,,,,,,,,,,,,,,,,,,
తీరు,a,0,0,1,1,"నెఱవేఱు, సిద్ధించు, తెగు, పరిష్కృతమగు, కుదురు, స్వస్థమగు, తగు, యుక్తమగు, వాడినొందు, తళుకెక్కు, సుశిక్షితమగు, నిలుచు",,,,,,,తగు,యుక్తమగు,వాడినొందు,తళుకెక్కు,సుశిక్షితమగు,నిలుచు,,,,,,,,,,,,,,,,,,,,,,,,,,,,,,,,,,
తెరలు,a,0,0,1,1,None,,,,,,,,,,,,,,,,,,,,,,,,,,,,,,,,,,,,,,,,,,,,,,
నవ్వు,p,1,0,0,1,"హసించు,హాసముచేయు,ఆనందించు,సంతోషించు,అపహసించు,మేలమాడు",,,,,,,,,,,,,,,,,,,,,,,,,,,,,,,,,,,,,,,,,,,,,,
నాడు,a,0,0,1,1,"నాటు,గ్రుచ్చుకొను,ఖండితమగు",,,,,,,,,,,,,,,,,,,,,,,,,,,,,,,,,,,,,,,,,,,,,,
నిండు,p,1,0,0,1,"అధికముగా,పూర్ణముగా",,,,,,,,,,,,,,,,,,,,,,,,,,,,,,,,,,,,,,,,,,,,,,
మను,p,1,0,0,1,"జీవించు,బ్రతుకు","జీవనము చేయు,సుఖజీవనం చేయు,హాయిగా బ్రతుకు","వృద్ధినొందు,పెరుగు","వర్తిలు,నడుచుకొను","వర్తించు,ఉండు","పుట్టు,జనించు","ఒప్పు,శోభిల్లు,కృతకృత్యుడగు,ధన్యుడగు",పెరుగు,వర్తిలు,నడుచుకొను,వర్తించు,ఉండు,పుట్టు,జనించు,ఒప్పు,శోభిల్లు,కృతకృత్యుడగు,ధన్యుడగు,,,,,,,,,,,,,,,,,,,,,,,,,,,,,
మించు,p,1,0,0,1,"తళతళ కాంతిగలది 2.అధికము,గొప్పది",,,,,,,,,,,,,,,,,,,,,,,,,,,,,,,,,,,,,,,,,,,,,,
ముదురు,n,0,1,0,1,లేతదనము వీడి పరిణతి నొందు,"హెచ్చు,అధికమగు","పెరుగు,వృద్ధిపొందు","ఒదుగు,ముడిగియుండు",,,,ముడిగియుండు,,,,,,,,,,,,,,,,,,,,,,,,,,,,,,,,,,,,,,,
మరియు,a,0,0,1,1,"తెగు,ఖండితమగు,ఊడు,సడలు,భగ్నమగు,విఱుగు",,,,,,,,,,,,,,,,,,,,,,,,,,,,,,,,,,,,,,,,,,,,,,
మూడు,a,0,0,1,1,"(చేటు మొ"")సంభవించు,కలుగు",ముగియు,,,,,,,,,,,,,,,,,,,,,,,,,,,,,,,,,,,,,,,,,,,,,
మెట్టు,p,1,0,0,1,"ఉన్నతమైనది, ఎత్తైనది",,,,,,,,,,,,,,,,,,,,,,,,,,,,,,,,,,,,,,,,,,,,,,
మెప్పు,p,1,0,0,1,"ఎగురు,దుముకు",,,,,,,,,,,,,,,,,,,,,,,,,,,,,,,,,,,,,,,,,,,,,,
రా,p,1,0,0,1,"నచ్చు ధాతువు యొక్క ప్రార్థనార్థక రూపము,ఏతెమ్ము,రమ్ము",,,,,,,,,,,,,,,,,,,,,,,,,,,,,,,,,,,,,,,,,,,,,,
రాజు,p,1,0,0,1,"తనజాతియందు శ్రేష్ఠుడు, ప్రధానుడు",,,,,,,,,,,,,,,,,,,,,,,,,,,,,,,,,,,,,,,,,,,,,,
రోజు,a,0,0,1,1,"నిట్టూర్చు,ఉచ్ఛ్వసించు",,,,,,,,,,,,,,,,,,,,,,,,,,,,,,,,,,,,,,,,,,,,,,
వంద,a,0,0,1,1,"సంతాపించు 2.దుఃఖపడు 3.వాడు,మ్లానమగు 4.వివర్ణమగు,వెలవెలబారు 5.చచ్చు",,,,,,,,,,,,,,,,,,,,,,,,,,,,,,,,,,,,,,,,,,,,,,
వచ్చు,p,1,0,0,1,"దరిచేరు,డగ్గరు,ఏతెంచు 2.సంభవించు,తటస్థించు 3.లాభించు 4.కలుగు,ఉద్భవించు 5.(పండ్లు)మొలచు,అంకురించు 6.లభించు,దొరకు 7.చెంచు,ముట్టు 8.(గ్రహాదులు)ఆవేళించు,పూను 9.ఇష్టమగు,అనుకూలమగు 10.ప్రసన్నమగు 11.అలవడు,అభ్యస్తమగు 12.అగు 13.సాటియగు 14.ప్రవర్తించు,నడచుకొను 15.ప్రసక్తమగు 16.వర్థిల్లు 17.సమర్థమగు 18.నెరవేరు,సిద్ధించు 19.కారు,స్రవించు 20.పొంగు,నిండిప్రవహించు 21.తగు,యుక్తమగు 22.శక్యమగు,వలనుపడు 23.సిద్దముగనుండు 24.పూను,ఉద్యమించు,యత్నించు 25.తొడగు,ఉపక్రమించు 26.తలచు",,,,,,,దొరకు 7.చెంచు,ముట్టు 8.(గ్రహాదులు)ఆవేళించు,పూను 9.ఇష్టమగు,అనుకూలమగు 10.ప్రసన్నమగు 11.అలవడు,అభ్యస్తమగు 12.అగు 13.సాటియగు 14.ప్రవర్తించు,నడచుకొను 15.ప్రసక్తమగు 16.వర్థిల్లు 17.సమర్థమగు 18.నెరవేరు,సిద్ధించు 19.కారు,స్రవించు 20.పొంగు,నిండిప్రవహించు 21.తగు,యుక్తమగు 22.శక్యమగు,వలనుపడు 23.సిద్దముగనుండు 24.పూను,ఉద్యమించు,యత్నించు 25.తొడగు,ఉపక్రమించు 26.తలచు,,,,,,,,,,,,,,,,,,,,,,,,,,
వాడు,a,0,0,1,1,"వడలు,మ్లానమగు 2.అలయు,బడలు 3.ఖేదపడు 4.ఎండ,శుష్కించు",,,,,,,,,,,,,,,,,,,,,,,,,,,,,,,,,,,,,,,,,,,,,,
వారు,a,0,0,1,1,ఉడుగు 2.తక్కువయగు,,,,,,,,,,,,,,,,,,,,,,,,,,,,,,,,,,,,,,,,,,,,,,
వాలు,a,0,0,1,1,"విజ్రుంభించు 2.అతిశయించు 3.(పక్షి)కాలూను,క్రిందకుదిగు 4.ఒరగు,కూలు 5.ప్రసిద్ధికెక్కు 6.ఆసక్తమగు 7.ప్రకాశించు 8.వ్రేలు 9.ప్రవేశించు 10.పడు",,,,,,,,,,,,,,,,,,,,,,,,,,,,,,,,,,,,,,,,,,,,,,
వినవచ్చు,a,0,0,1,1,"వినబడు,శ్రవణగోచరమగు",,,,,,,,,,,,,,,,,,,,,,,,,,,,,,,,,,,,,,,,,,,,,,
విసుగు,n,0,1,0,1,"వేసరు,విసువునొందు,నిర్వేదమునొందు",,,,,,,,,,,,,,,,,,,,,,,,,,,,,,,,,,,,,,,,,,,,,,
వీడు,n,0,1,0,1,"వీడిపోవు 2.విచ్చిపోవు,ఊడు 3.జారిపోవు 4.పొదలు,వర్ధిల్లు 5.శిధిలమగు,తగ్గు,నశించు 6.విశదమగు,స్పష్టమగు",,,,,,,,,,,,,,,,,,,,,,,,,,,,,,,,,,,,,,,,,,,,,,
వెలుగు,p,1,0,0,1,"ప్రకాశించు 2.జ్వలించు,మండు 3.ఒప్పు,శోబిల్లు 4.ప్రసిద్ధికెక్కు 5.ప్రతిఫలించు 6.ఉద్రేకించు,విజ్రుంభించు",,,,,,,,,,,,,,,,,,,,,,,,,,,,,,,,,,,,,,,,,,,,,,
అంగీకరించు,p,1,0,0,1,స్వీకరించు,,,,,,,,,,,,,,,,,,,,,,,,,,,,,,,,,,,,,,,,,,,,,,
అచ్చు,p,1,0,0,1,"శుద్ధము,దోషములేనిది",,,,,,,,,,,,,,,,,,,,,,,,,,,,,,,,,,,,,,,,,,,,,,
అడ్డు,n,0,1,0,1,అడ్డము,,,,,,,,,,,,,,,,,,,,,,,,,,,,,,,,,,,,,,,,,,,,,,
అను,a,0,0,1,1,"వచించు,ప్రతిపాదించు (క) .పలుకు,చెప్పు (ట).ప్రశంసించు (త).నిందించు,ఆక్షెపించు(ప్ర).వ్యాజ్యముగాచెప్పు,మిషగాచెప్పు(గ).ప్రశ్నించు,అడుగు","ఉత్తరమిచ్చు(జ).పాడు,గానము చేయు 2.భావించు,పరిగణిoచు (i)తలచు,ఎంచు (ii).భ్రమచేభావించు",,,,,,ఉత్తరమిచ్చు(జ).పాడు,గానము చేయు 2.భావించు,పరిగణిoచు (i)తలచు,ఎంచు (ii).భ్రమచేభావించు,,,,,,,,,,,,,,,,,,,,,,,,,,,,,,,,,,,,
అమ్ము,a,0,0,1,1,అమ్మబడు,,,,,,,,,,,,,,,,,,,,,,,,,,,,,,,,,,,,,,,,,,,,,,
అరువు,a,0,0,1,1,"ఇనుము,లొంగు,అడగు 2.దక్కు",,,,,,,,,,,,,,,,,,,,,,,,,,,,,,,,,,,,,,,,,,,,,,
అరువు,a,0,0,1,1,"ఇనుము,లొంగు,అడగు 2.దక్కు",,,,,,,,,,,,,,,,,,,,,,,,,,,,,,,,,,,,,,,,,,,,,,
అల్లు,a,0,0,1,1,"అల్లుకొను,పెనగొను",,,,,,,,,,,,,,,,,,,,,,,,,,,,,,,,,,,,,,,,,,,,,,
ఆకట్టు,p,1,0,0,1,None,,,,,,,,,,,,,,,,,,,,,,,,,,,,,,,,,,,,,,,,,,,,,,
ఆడు,a,0,0,1,1,"చలించు,కదలు 2.(అవయవాదులు స్వకార్యమందు)ప్రవర్తించు 3.సంచరించు,తిరుగు","విహరించు 4.మునుగు,స్నానముచేయు 5.క్రీడించు 6.నర్తించు 7.కాడు,గ్రుచ్చుకొను",,,,,,,,,,,,,,,,,,,,,,,,,,,,,,,,,,,,,,,,,,,,,
ఈడు,a,0,0,1,1,"చాగు,ముందునకు బోవు 2.వెనుకబడు",,,,,,,,,,,,,,,,,,,,,,,,,,,,,,,,,,,,,,,,,,,,,,
ఊరు,a,0,0,1,1,"లోపలనుండి(ద్రవము)పైకివచ్చు 2.నాను 3.తడిగలదియగు,ద్రవించు 4.ఆసక్తి గలదియగు,ఆసగొను 5.పుట్టు,కలుగు 6.పెరుగు,పెద్దదియగు",,,,,,,,,,,,,,,,,,,,,,,,,,,,,,,,,,,,,,,,,,,,,,
ఎత్తు,a,0,0,1,1,"కలుగు 2.(పోరుటకు)పూను,కడగు 3.దండెత్తు,పోరుటకై బయలుదేరు 4.అతిశయించు",,,,,,,,,,,,,,,,,,,,,,,,,,,,,,,,,,,,,,,,,,,,,,
ఎదురు,n,0,1,0,1,"ఎదురుగా,అభిముఖముగా 2.సమానముగా",,,,,,,,,,,,,,,,,,,,,,,,,,,,,,,,,,,,,,,,,,,,,,
ఒట్టు,a,0,0,1,1,"ఉంచు,పెట్టు 2.దహించు,కాల్చు",,,,,,,,,,,,,,,,,,,,,,,,,,,,,,,,,,,,,,,,,,,,,,
కట్టు,a,0,0,1,1,"అగు,ఏర్పడు",నిబద్ధమగు,,,,,,,,,,,,,,,,,,,,,,,,,,,,,,,,,,,,,,,,,,,,,
కప్పు,a,0,0,1,1,"పర్వు,వ్యాపించు,క్రమ్ము",,,,,,,,,,,,,,,,,,,,,,,,,,,,,,,,,,,,,,,,,,,,,,
కాడు,n,0,1,0,1,"నాటుకొను,గ్రుచుకొను,స్థిరపడు",,,,,,,,,,,,,,,,,,,,,,,,,,,,,,,,,,,,,,,,,,,,,,
కిట్టు,a,0,0,1,1,చంపు,"సమీపించు,కదియు",,,,,,,,,,,,,,,,,,,,,,,,,,,,,,,,,,,,,,,,,,,,,
కుట్టు,a,0,0,1,1,(వస్త్రపర్ణాదులు)కుట్టు,"(చీమ,తేలు,తుమ్మెద మొ..)కుట్టు",గ్రుచ్చు,(చెవులు మొ..)కుట్టు,,,,,,,,,,,,,,,,,,,,,,,,,,,,,,,,,,,,,,,,,,,
కొట్టు,n,0,1,0,1,"తగులు,తాకు,ఎక్కువగా కలుగు",,,,,,,,,,,,,,,,,,,,,,,,,,,,,,,,,,,,,,,,,,,,,,
చదువు,a,0,0,1,1,"పఠించు, పలుకు, శుభసమయమలలో పురోహిత్తుడు కట్నములను అవియిచ్చువారు పేరుతోను పుచ్చుకొనువరిపేరుతోను చెప్పి ప్రకటించు",,,,,,,,,,,,,,,,,,,,,,,,,,,,,,,,,,,,,,,,,,,,,,
చాటు,a,0,0,1,1,"చాటైనది,మఱుగుపడినది",,,,,,,,,,,,,,,,,,,,,,,,,,,,,,,,,,,,,,,,,,,,,,
చారు,a,0,0,1,1,చీపురుగట్టు యడుగుతో నుఱిచిన కళ్ళమును - ఊడ్చు,,,,,,,,,,,,,,,,,,,,,,,,,,,,,,,,,,,,,,,,,,,,,,
చూడు,a,0,0,1,1,కాల్చుటకు సాధనమైనది,,,,,,,,,,,,,,,,,,,,,,,,,,,,,,,,,,,,,,,,,,,,,,
చూపు,a,0,0,1,1,"పొడచూపు, కనబడు",,,,,,,,,,,,,,,,,,,,,,,,,,,,,,,,,,,,,,,,,,,,,,
చేదు,n,0,1,0,1,"తిక్తము,ఇంపు కానిది,అనిష్టము",,,,,,,,,,,,,,,,,,,,,,,,,,,,,,,,,,,,,,,,,,,,,,
తప్పాడు,n,0,1,0,1,"నిందించు,దూషిoచు.",,,,,,,,,,,,,,,,,,,,,,,,,,,,,,,,,,,,,,,,,,,,,,
తప్పు,n,0,1,0,1,"తప్పుజేయు, అపచారముచేయు, అపకారముచేయు, హానిచేయు, ద్రోహము చేయు,తొలగు,పొరపడు,ప్రమాదపడు, దొరకకుండు,చిక్కకుండు,వశముగాకుండు, తగులకుండు,చెదరు,కడుచు,మించిపొవు, వ్వర్థమగు,నిష్పలమగు,అసత్యమగు,కల్లమగు,విడివడు,వేఱుపడు,చుౄతినాంధు,మరణించు.",,,,,,,పొరపడు,ప్రమాదపడు,దొరకకుండు,చిక్కకుండు,వశముగాకుండు,తగులకుండు,చెదరు,కడుచు,మించిపొవు,వ్వర్థమగు,నిష్పలమగు,అసత్యమగు,కల్లమగు,విడివడు,వేఱుపడు,చుౄతినాంధు,మరణించు.,,,,,,,,,,,,,,,,,,,,,,,
తెలుపు,a,0,0,1,1,None,,,,,,,,,,,,,,,,,,,,,,,,,,,,,,,,,,,,,,,,,,,,,,
తోడు,p,1,0,0,1,సహాయముగా,,,,,,,,,,,,,,,,,,,,,,,,,,,,,,,,,,,,,,,,,,,,,,
నవ్వు,p,1,0,0,1,"హసించు,హాసముచేయు,ఆనందించు,సంతోషించు,అపహసించు,మేలమాడు",,,,,,,,,,,,,,,,,,,,,,,,,,,,,,,,,,,,,,,,,,,,,,
నాక,a,0,0,1,1,అనక,,,,,,,,,,,,,,,,,,,,,,,,,,,,,,,,,,,,,,,,,,,,,,
నాకు,a,0,0,1,1,"లేహనము చేయు,నాలుకతో రాచిలోగొను,స్పృశించు,తాకు",,,,,,,,,,,,,,,,,,,,,,,,,,,,,,,,,,,,,,,,,,,,,,
నాడు,a,0,0,1,1,"నాటు,గ్రుచ్చుకొను,ఖండితమగు",,,,,,,,,,,,,,,,,,,,,,,,,,,,,,,,,,,,,,,,,,,,,,
మలుపు,a,0,0,1,1,"ఆర్చు,ఆర్పివేయు",నశింపజేయు,,,,,,,,,,,,,,,,,,,,,,,,,,,,,,,,,,,,,,,,,,,,,
మారు,a,0,0,1,1,"కొట్టు,ప్రహరించు",,,,,,,,,,,,,,,,,,,,,,,,,,,,,,,,,,,,,,,,,,,,,,
మెట్టు,p,1,0,0,1,"ఉన్నతమైనది, ఎత్తైనది",,,,,,,,,,,,,,,,,,,,,,,,,,,,,,,,,,,,,,,,,,,,,,
వాడు,n,0,1,0,1,"వడలు,మ్లానమగు 2.అలయు,బడలు 3.ఖేదపడు 4.ఎండ,శుష్కించు",,,,,,,,,,,,,,,,,,,,,,,,,,,,,,,,,,,,,,,,,,,,,,
వారు,a,0,0,1,1,ఉడుగు 2.తక్కువయగు,,,,,,,,,,,,,,,,,,,,,,,,,,,,,,,,,,,,,,,,,,,,,,
వాలు,n,0,1,0,1,"విజ్రుంభించు 2.అతిశయించు 3.(పక్షి)కాలూను,క్రిందకుదిగు 4.ఒరగు,కూలు 5.ప్రసిద్ధికెక్కు 6.ఆసక్తమగు 7.ప్రకాశించు 8.వ్రేలు 9.ప్రవేశించు 10.పడు",,,,,,,,,,,,,,,,,,,,,,,,,,,,,,,,,,,,,,,,,,,,,,
వీడు,n,0,1,0,1,"వీడిపోవు 2.విచ్చిపోవు,ఊడు 3.జారిపోవు 4.పొదలు,వర్ధిల్లు 5.శిధిలమగు,తగ్గు,నశించు 6.విశదమగు,స్పష్టమగు",,,,,,,,,,,,,,,,,,,,,,,,,,,,,,,,,,,,,,,,,,,,,,
అంగీకరించు,p,1,0,0,1,స్వీకరించు,,,,,,,,,,,,,,,,,,,,,,,,,,,,,,,,,,,,,,,,,,,,,,
ఒట్టు,p,1,0,0,1,"ఉంచు,పెట్టు 2.దహించు,కాల్చు",,,,,,,,,,,,,,,,,,,,,,,,,,,,,,,,,,,,,,,,,,,,,,
కిట్టు,n,0,1,0,1,చంపు,"సమీపించు,కదియు",,,,,,,,,,,,,,,,,,,,,,,,,,,,,,,,,,,,,,,,,,,,,
తారు,a,0,0,1,1,"సంచరించు, మెలగు, ఇట్టట్టు తురుగు, అఱ్ఱాడు, పోవు, వెళ్ళు, పాయు, తొలగు, కలుగు, పుట్టు, ప్రసరించు, ప్యాపించు, క్షీణించు, తగ్గు, కాంతిహీనమగు.",,,,,,,పాయు,తొలగు,కలుగు,పుట్టు,ప్రసరించు,ప్యాపించు,క్షీణించు,తగ్గు,కాంతిహీనమగు.,,,,,,,,,,,,,,,,,,,,,,,,,,,,,,,
మేము,a,0,0,1,1,"అంగీకరించు,ఒప్పుకొను",,,,,,,,,,,,,,,,,,,,,,,,,,,,,,,,,,,,,,,,,,,,,,
పండు,a,0,0,1,1,None,,,,,,,,,,,,,,,,,,,,,,,,,,,,,,,,,,,,,,,,,,,,,,
పన్ను,a,0,0,1,1,"యుద్ధమునకు సిద్ధపడు,సిద్ధపడు 2.కవియు,తలపడు ౩.పూను,ఉద్యమించు 4.అతిశయించు 5.వ్యాపించు,ప్రసరించు",,,,,,,,,,,,,,,,,,,,,,,,,,,,,,,,,,,,,,,,,,,,,,
పాచు,n,0,1,0,1,"పాయజేయు,తొలగించు 2.చిక్కెడలించు,విప్పు 3.అప్పుతీర్చు 4.పోగొట్టు,నశింపజేయు",,,,,,,,,,,,,,,,,,,,,,,,,,,,,,,,,,,,,,,,,,,,,,
పారు,a,0,0,1,1,పరుగెత్తు,ఎగురు 2.పాసనము చేయు,,,,,,,,,,,,,,,,,,,,,,,,,,,,,,,,,,,,,,,,,,,,,
పారు,a,0,0,1,1,పరుగెత్తు,ఎగురు 2.పాసనము చేయు,,,,,,,,,,,,,,,,,,,,,,,,,,,,,,,,,,,,,,,,,,,,,
పెట్టు,a,0,0,1,1,"1.ఇచ్చు, ఒసగు, ఆహారమిచ్చు, 2.ఇడు, వైచు, వేయులవతెనే ఇది సందర్భమును బట్టి పెక్కర్ధముల నిచ్చును, 3.వడ్డించు,4.చెల్లించు, 5.పొందించు, పఱుచు, 6.ఆరోపించు, మోపు, 7.అమర్చు, తీర్చు, 8.అలదు, రాచు, 9.ఆభరణాదుల ధరించు, 10.ధరింపజేయు, 11.కలిగించు, 12.దిగవిడుచు, విడుచు, 13.ప్రసవించు, 14.పక్షులు గ్రుడ్లను పొదివి పిల్లలను చేయు, 15.ఒప్పగించు, 16.ఉంచు 17.నెలకొల్పు, నిలుపు, 18.నియోగించు, పనుచు, 19.గ్రుచ్చు, నాటు, 20.చేయు, కావించు, 21.నిర్ణయించు, 22.కట్టు, నిర్మించు, 23.కల్పించు, పన్ను, 24.నిర్ధేశించు, చూపు, 25.మూయు 26.ప్రహరించు, కొట్టు, చఱచు, 27.కొన్ని సకర్మధాతువుల క్త్వార్ధకరూపముల కనుప్రయుక్తమై ""అత్యంతము, పూర్తిగా"" అను నర్ధములిచ్చును, 28.పలుకు, ఉచ్చరించు",,,,,,,3.వడ్డించు,4.చెల్లించు,5.పొందించు,పఱుచు,6.ఆరోపించు,మోపు,7.అమర్చు,తీర్చు,8.అలదు,రాచు,9.ఆభరణాదుల ధరించు,10.ధరింపజేయు,11.కలిగించు,12.దిగవిడుచు,విడుచు,13.ప్రసవించు,14.పక్షులు గ్రుడ్లను పొదివి పిల్లలను చేయు,15.ఒప్పగించు,16.ఉంచు 17.నెలకొల్పు,నిలుపు,18.నియోగించు,పనుచు,19.గ్రుచ్చు,నాటు,20.చేయు,కావించు,21.నిర్ణయించు,22.కట్టు,నిర్మించు,23.కల్పించు,పన్ను,24.నిర్ధేశించు,చూపు,25.మూయు 26.ప్రహరించు,కొట్టు,చఱచు,"27.కొన్ని సకర్మధాతువుల క్త్వార్ధకరూపముల కనుప్రయుక్తమై ""అత్యంతము","పూర్తిగా"" అను నర్ధములిచ్చును",28.పలుకు,ఉచ్చరించు
పో,n,0,1,0,1,"1.పోవుధాతు ప్రార్ధనాద్యర్ధక మద్యమపురు షైకవచనరూపము, 2.అవ్యయముగా నుపయోగపడుచు ""కదా""యనుదాని యర్ధమునిచ్చుచు నిశ్చయాశ్చర్యాదులను దెలుపును",,,,,,,,,,,,,,,,,,,,,,,,,,,,,,,,,,,,,,,,,,,,,,
,,45,47,157,249,,,,,,,,,,,,,,,,,,,,,,,,,,,,,,,,,,,,,,,,,,,,,,,
